,images,pixel
0,xnd3y.png,"[[[192 192 192 255]
  [192 192 192 255]
  [192 192 192 255]
  ...
  [251 251 251 255]
  [251 251 251 255]
  [251 251 251 255]]

 [[192 192 192 255]
  [192 192 192 255]
  [192 192 192 255]
  ...
  [251 251 251 255]
  [251 251 251 255]
  [251 251 251 255]]

 [[192 192 192 255]
  [192 192 192 255]
  [192 192 192 255]
  ...
  [251 251 251 255]
  [251 251 251 255]
  [251 251 251 255]]

 ...

 [[195 195 195 255]
  [195 195 195 255]
  [195 195 195 255]
  ...
  [254 254 254 255]
  [254 254 254 255]
  [254 254 254 255]]

 [[195 195 195 255]
  [195 195 195 255]
  [195 195 195 255]
  ...
  [254 254 254 255]
  [254 254 254 255]
  [254 254 254 255]]

 [[195 195 195 255]
  [195 195 195 255]
  [195 195 195 255]
  ...
  [254 254 254 255]
  [254 254 254 255]
  [254 254 254 255]]]"
1,x6pdb.png,"[[[192 192 192 255]
  [192 192 192 255]
  [192 192 192 255]
  ...
  [251 251 251 255]
  [251 251 251 255]
  [251 251 251 255]]

 [[192 192 192 255]
  [192 192 192 255]
  [192 192 192 255]
  ...
  [251 251 251 255]
  [251 251 251 255]
  [251 251 251 255]]

 [[192 192 192 255]
  [192 192 192 255]
  [192 192 192 255]
  ...
  [251 251 251 255]
  [251 251 251 255]
  [251 251 251 255]]

 ...

 [[195 195 195 255]
  [195 195 195 255]
  [195 195 195 255]
  ...
  [254 254 254 255]
  [254 254 254 255]
  [254 254 254 255]]

 [[195 195 195 255]
  [195 195 195 255]
  [195 195 195 255]
  ...
  [254 254 254 255]
  [254 254 254 255]
  [254 254 254 255]]

 [[195 195 195 255]
  [195 195 195 255]
  [195 195 195 255]
  ...
  [254 254 254 255]
  [254 254 254 255]
  [254 254 254 255]]]"
2,x44n4.png,"[[[192 192 192 255]
  [192 192 192 255]
  [192 192 192 255]
  ...
  [251 251 251 255]
  [251 251 251 255]
  [251 251 251 255]]

 [[192 192 192 255]
  [192 192 192 255]
  [192 192 192 255]
  ...
  [251 251 251 255]
  [251 251 251 255]
  [251 251 251 255]]

 [[192 192 192 255]
  [192 192 192 255]
  [192 192 192 255]
  ...
  [251 251 251 255]
  [251 251 251 255]
  [251 251 251 255]]

 ...

 [[195 195 195 255]
  [195 195 195 255]
  [195 195 195 255]
  ...
  [254 254 254 255]
  [254 254 254 255]
  [254 254 254 255]]

 [[195 195 195 255]
  [195 195 195 255]
  [195 195 195 255]
  ...
  [254 254 254 255]
  [254 254 254 255]
  [254 254 254 255]]

 [[195 195 195 255]
  [195 195 195 255]
  [195 195 195 255]
  ...
  [254 254 254 255]
  [254 254 254 255]
  [254 254 254 255]]]"
3,xc68n.png,"[[[192 192 192 255]
  [192 192 192 255]
  [192 192 192 255]
  ...
  [251 251 251 255]
  [251 251 251 255]
  [251 251 251 255]]

 [[192 192 192 255]
  [192 192 192 255]
  [192 192 192 255]
  ...
  [251 251 251 255]
  [251 251 251 255]
  [251 251 251 255]]

 [[192 192 192 255]
  [192 192 192 255]
  [192 192 192 255]
  ...
  [251 251 251 255]
  [251 251 251 255]
  [251 251 251 255]]

 ...

 [[195 195 195 255]
  [195 195 195 255]
  [195 195 195 255]
  ...
  [254 254 254 255]
  [254 254 254 255]
  [254 254 254 255]]

 [[195 195 195 255]
  [195 195 195 255]
  [195 195 195 255]
  ...
  [254 254 254 255]
  [254 254 254 255]
  [254 254 254 255]]

 [[195 195 195 255]
  [195 195 195 255]
  [195 195 195 255]
  ...
  [254 254 254 255]
  [254 254 254 255]
  [254 254 254 255]]]"
4,x347n.png,"[[[192 192 192 255]
  [192 192 192 255]
  [192 192 192 255]
  ...
  [251 251 251 255]
  [251 251 251 255]
  [251 251 251 255]]

 [[192 192 192 255]
  [192 192 192 255]
  [192 192 192 255]
  ...
  [251 251 251 255]
  [251 251 251 255]
  [251 251 251 255]]

 [[192 192 192 255]
  [192 192 192 255]
  [192 192 192 255]
  ...
  [251 251 251 255]
  [251 251 251 255]
  [251 251 251 255]]

 ...

 [[195 195 195 255]
  [195 195 195 255]
  [195 195 195 255]
  ...
  [254 254 254 255]
  [254 254 254 255]
  [254 254 254 255]]

 [[195 195 195 255]
  [195 195 195 255]
  [195 195 195 255]
  ...
  [254 254 254 255]
  [254 254 254 255]
  [254 254 254 255]]

 [[195 195 195 255]
  [195 195 195 255]
  [195 195 195 255]
  ...
  [254 254 254 255]
  [254 254 254 255]
  [254 254 254 255]]]"
5,ydd3g.png,"[[[192 192 192 255]
  [192 192 192 255]
  [192 192 192 255]
  ...
  [251 251 251 255]
  [251 251 251 255]
  [251 251 251 255]]

 [[192 192 192 255]
  [192 192 192 255]
  [192 192 192 255]
  ...
  [251 251 251 255]
  [251 251 251 255]
  [251 251 251 255]]

 [[192 192 192 255]
  [192 192 192 255]
  [192 192 192 255]
  ...
  [251 251 251 255]
  [251 251 251 255]
  [251 251 251 255]]

 ...

 [[195 195 195 255]
  [195 195 195 255]
  [195 195 195 255]
  ...
  [254 254 254 255]
  [254 254 254 255]
  [254 254 254 255]]

 [[195 195 195 255]
  [195 195 195 255]
  [195 195 195 255]
  ...
  [254 254 254 255]
  [254 254 254 255]
  [254 254 254 255]]

 [[195 195 195 255]
  [195 195 195 255]
  [195 195 195 255]
  ...
  [254 254 254 255]
  [254 254 254 255]
  [254 254 254 255]]]"
6,xymfn.png,"[[[192 192 192 255]
  [192 192 192 255]
  [192 192 192 255]
  ...
  [251 251 251 255]
  [251 251 251 255]
  [251 251 251 255]]

 [[192 192 192 255]
  [192 192 192 255]
  [192 192 192 255]
  ...
  [251 251 251 255]
  [251 251 251 255]
  [251 251 251 255]]

 [[192 192 192 255]
  [192 192 192 255]
  [192 192 192 255]
  ...
  [251 251 251 255]
  [251 251 251 255]
  [251 251 251 255]]

 ...

 [[195 195 195 255]
  [195 195 195 255]
  [195 195 195 255]
  ...
  [254 254 254 255]
  [254 254 254 255]
  [254 254 254 255]]

 [[195 195 195 255]
  [195 195 195 255]
  [195 195 195 255]
  ...
  [254 254 254 255]
  [254 254 254 255]
  [254 254 254 255]]

 [[195 195 195 255]
  [195 195 195 255]
  [195 195 195 255]
  ...
  [254 254 254 255]
  [254 254 254 255]
  [254 254 254 255]]]"
7,xe6eb.png,"[[[192 192 192 255]
  [192 192 192 255]
  [192 192 192 255]
  ...
  [251 251 251 255]
  [251 251 251 255]
  [251 251 251 255]]

 [[192 192 192 255]
  [192 192 192 255]
  [192 192 192 255]
  ...
  [251 251 251 255]
  [251 251 251 255]
  [251 251 251 255]]

 [[192 192 192 255]
  [192 192 192 255]
  [192 192 192 255]
  ...
  [251 251 251 255]
  [251 251 251 255]
  [251 251 251 255]]

 ...

 [[195 195 195 255]
  [195 195 195 255]
  [195 195 195 255]
  ...
  [254 254 254 255]
  [254 254 254 255]
  [254 254 254 255]]

 [[195 195 195 255]
  [195 195 195 255]
  [195 195 195 255]
  ...
  [254 254 254 255]
  [254 254 254 255]
  [254 254 254 255]]

 [[195 195 195 255]
  [195 195 195 255]
  [195 195 195 255]
  ...
  [254 254 254 255]
  [254 254 254 255]
  [254 254 254 255]]]"
8,ywn6f.png,"[[[192 192 192 255]
  [192 192 192 255]
  [192 192 192 255]
  ...
  [251 251 251 255]
  [251 251 251 255]
  [251 251 251 255]]

 [[192 192 192 255]
  [192 192 192 255]
  [192 192 192 255]
  ...
  [251 251 251 255]
  [251 251 251 255]
  [251 251 251 255]]

 [[192 192 192 255]
  [192 192 192 255]
  [192 192 192 255]
  ...
  [251 251 251 255]
  [251 251 251 255]
  [251 251 251 255]]

 ...

 [[195 195 195 255]
  [195 195 195 255]
  [195 195 195 255]
  ...
  [254 254 254 255]
  [254 254 254 255]
  [254 254 254 255]]

 [[195 195 195 255]
  [195 195 195 255]
  [195 195 195 255]
  ...
  [254 254 254 255]
  [254 254 254 255]
  [254 254 254 255]]

 [[195 195 195 255]
  [195 195 195 255]
  [195 195 195 255]
  ...
  [254 254 254 255]
  [254 254 254 255]
  [254 254 254 255]]]"
9,ypw3d.png,"[[[192 192 192 255]
  [192 192 192 255]
  [192 192 192 255]
  ...
  [251 251 251 255]
  [251 251 251 255]
  [251 251 251 255]]

 [[192 192 192 255]
  [192 192 192 255]
  [192 192 192 255]
  ...
  [251 251 251 255]
  [251 251 251 255]
  [251 251 251 255]]

 [[192 192 192 255]
  [192 192 192 255]
  [192 192 192 255]
  ...
  [251 251 251 255]
  [251 251 251 255]
  [251 251 251 255]]

 ...

 [[195 195 195 255]
  [195 195 195 255]
  [195 195 195 255]
  ...
  [254 254 254 255]
  [254 254 254 255]
  [254 254 254 255]]

 [[195 195 195 255]
  [195 195 195 255]
  [195 195 195 255]
  ...
  [254 254 254 255]
  [254 254 254 255]
  [254 254 254 255]]

 [[195 195 195 255]
  [195 195 195 255]
  [195 195 195 255]
  ...
  [254 254 254 255]
  [254 254 254 255]
  [254 254 254 255]]]"
10,yw7ny.png,"[[[192 192 192 255]
  [192 192 192 255]
  [192 192 192 255]
  ...
  [251 251 251 255]
  [251 251 251 255]
  [251 251 251 255]]

 [[192 192 192 255]
  [192 192 192 255]
  [192 192 192 255]
  ...
  [251 251 251 255]
  [251 251 251 255]
  [251 251 251 255]]

 [[192 192 192 255]
  [192 192 192 255]
  [192 192 192 255]
  ...
  [251 251 251 255]
  [251 251 251 255]
  [251 251 251 255]]

 ...

 [[195 195 195 255]
  [195 195 195 255]
  [195 195 195 255]
  ...
  [254 254 254 255]
  [254 254 254 255]
  [254 254 254 255]]

 [[195 195 195 255]
  [195 195 195 255]
  [195 195 195 255]
  ...
  [254 254 254 255]
  [254 254 254 255]
  [254 254 254 255]]

 [[195 195 195 255]
  [195 195 195 255]
  [195 195 195 255]
  ...
  [254 254 254 255]
  [254 254 254 255]
  [254 254 254 255]]]"
11,y7mnm.png,"[[[192 192 192 255]
  [192 192 192 255]
  [192 192 192 255]
  ...
  [251 251 251 255]
  [251 251 251 255]
  [251 251 251 255]]

 [[192 192 192 255]
  [192 192 192 255]
  [192 192 192 255]
  ...
  [251 251 251 255]
  [251 251 251 255]
  [251 251 251 255]]

 [[192 192 192 255]
  [192 192 192 255]
  [192 192 192 255]
  ...
  [251 251 251 255]
  [251 251 251 255]
  [251 251 251 255]]

 ...

 [[195 195 195 255]
  [195 195 195 255]
  [195 195 195 255]
  ...
  [254 254 254 255]
  [254 254 254 255]
  [254 254 254 255]]

 [[195 195 195 255]
  [195 195 195 255]
  [195 195 195 255]
  ...
  [254 254 254 255]
  [254 254 254 255]
  [254 254 254 255]]

 [[195 195 195 255]
  [195 195 195 255]
  [195 195 195 255]
  ...
  [254 254 254 255]
  [254 254 254 255]
  [254 254 254 255]]]"
12,yf347.png,"[[[192 192 192 255]
  [192 192 192 255]
  [192 192 192 255]
  ...
  [251 251 251 255]
  [251 251 251 255]
  [251 251 251 255]]

 [[192 192 192 255]
  [192 192 192 255]
  [192 192 192 255]
  ...
  [251 251 251 255]
  [251 251 251 255]
  [251 251 251 255]]

 [[192 192 192 255]
  [192 192 192 255]
  [192 192 192 255]
  ...
  [251 251 251 255]
  [251 251 251 255]
  [251 251 251 255]]

 ...

 [[195 195 195 255]
  [195 195 195 255]
  [195 195 195 255]
  ...
  [254 254 254 255]
  [254 254 254 255]
  [254 254 254 255]]

 [[195 195 195 255]
  [195 195 195 255]
  [195 195 195 255]
  ...
  [254 254 254 255]
  [254 254 254 255]
  [254 254 254 255]]

 [[195 195 195 255]
  [195 195 195 255]
  [195 195 195 255]
  ...
  [254 254 254 255]
  [254 254 254 255]
  [254 254 254 255]]]"
13,xce8d.png,"[[[192 192 192 255]
  [192 192 192 255]
  [192 192 192 255]
  ...
  [251 251 251 255]
  [251 251 251 255]
  [251 251 251 255]]

 [[192 192 192 255]
  [192 192 192 255]
  [192 192 192 255]
  ...
  [251 251 251 255]
  [251 251 251 255]
  [251 251 251 255]]

 [[192 192 192 255]
  [192 192 192 255]
  [192 192 192 255]
  ...
  [251 251 251 255]
  [251 251 251 255]
  [251 251 251 255]]

 ...

 [[195 195 195 255]
  [195 195 195 255]
  [195 195 195 255]
  ...
  [254 254 254 255]
  [254 254 254 255]
  [254 254 254 255]]

 [[195 195 195 255]
  [195 195 195 255]
  [195 195 195 255]
  ...
  [254 254 254 255]
  [254 254 254 255]
  [254 254 254 255]]

 [[195 195 195 255]
  [195 195 195 255]
  [195 195 195 255]
  ...
  [254 254 254 255]
  [254 254 254 255]
  [254 254 254 255]]]"
14,y2ye8.png,"[[[192 192 192 255]
  [192 192 192 255]
  [192 192 192 255]
  ...
  [251 251 251 255]
  [251 251 251 255]
  [251 251 251 255]]

 [[192 192 192 255]
  [192 192 192 255]
  [192 192 192 255]
  ...
  [251 251 251 255]
  [251 251 251 255]
  [251 251 251 255]]

 [[192 192 192 255]
  [192 192 192 255]
  [192 192 192 255]
  ...
  [251 251 251 255]
  [251 251 251 255]
  [251 251 251 255]]

 ...

 [[195 195 195 255]
  [195 195 195 255]
  [195 195 195 255]
  ...
  [254 254 254 255]
  [254 254 254 255]
  [254 254 254 255]]

 [[195 195 195 255]
  [195 195 195 255]
  [195 195 195 255]
  ...
  [254 254 254 255]
  [254 254 254 255]
  [254 254 254 255]]

 [[195 195 195 255]
  [195 195 195 255]
  [195 195 195 255]
  ...
  [254 254 254 255]
  [254 254 254 255]
  [254 254 254 255]]]"
15,x277e.png,"[[[192 192 192 255]
  [192 192 192 255]
  [192 192 192 255]
  ...
  [251 251 251 255]
  [251 251 251 255]
  [251 251 251 255]]

 [[192 192 192 255]
  [192 192 192 255]
  [192 192 192 255]
  ...
  [251 251 251 255]
  [251 251 251 255]
  [251 251 251 255]]

 [[192 192 192 255]
  [192 192 192 255]
  [192 192 192 255]
  ...
  [251 251 251 255]
  [251 251 251 255]
  [251 251 251 255]]

 ...

 [[195 195 195 255]
  [195 195 195 255]
  [195 195 195 255]
  ...
  [254 254 254 255]
  [254 254 254 255]
  [254 254 254 255]]

 [[195 195 195 255]
  [195 195 195 255]
  [195 195 195 255]
  ...
  [254 254 254 255]
  [254 254 254 255]
  [254 254 254 255]]

 [[195 195 195 255]
  [195 195 195 255]
  [195 195 195 255]
  ...
  [254 254 254 255]
  [254 254 254 255]
  [254 254 254 255]]]"
16,xf5g7.png,"[[[192 192 192 255]
  [192 192 192 255]
  [192 192 192 255]
  ...
  [251 251 251 255]
  [251 251 251 255]
  [251 251 251 255]]

 [[192 192 192 255]
  [192 192 192 255]
  [192 192 192 255]
  ...
  [251 251 251 255]
  [251 251 251 255]
  [251 251 251 255]]

 [[192 192 192 255]
  [192 192 192 255]
  [192 192 192 255]
  ...
  [251 251 251 255]
  [251 251 251 255]
  [251 251 251 255]]

 ...

 [[195 195 195 255]
  [195 195 195 255]
  [195 195 195 255]
  ...
  [254 254 254 255]
  [254 254 254 255]
  [254 254 254 255]]

 [[195 195 195 255]
  [195 195 195 255]
  [195 195 195 255]
  ...
  [254 254 254 255]
  [254 254 254 255]
  [254 254 254 255]]

 [[195 195 195 255]
  [195 195 195 255]
  [195 195 195 255]
  ...
  [254 254 254 255]
  [254 254 254 255]
  [254 254 254 255]]]"
17,y7d75.png,"[[[192 192 192 255]
  [192 192 192 255]
  [192 192 192 255]
  ...
  [251 251 251 255]
  [251 251 251 255]
  [251 251 251 255]]

 [[192 192 192 255]
  [192 192 192 255]
  [192 192 192 255]
  ...
  [251 251 251 255]
  [251 251 251 255]
  [251 251 251 255]]

 [[192 192 192 255]
  [192 192 192 255]
  [192 192 192 255]
  ...
  [251 251 251 255]
  [251 251 251 255]
  [251 251 251 255]]

 ...

 [[195 195 195 255]
  [195 195 195 255]
  [195 195 195 255]
  ...
  [254 254 254 255]
  [254 254 254 255]
  [254 254 254 255]]

 [[195 195 195 255]
  [195 195 195 255]
  [195 195 195 255]
  ...
  [254 254 254 255]
  [254 254 254 255]
  [254 254 254 255]]

 [[195 195 195 255]
  [195 195 195 255]
  [195 195 195 255]
  ...
  [254 254 254 255]
  [254 254 254 255]
  [254 254 254 255]]]"
18,ybfx6.png,"[[[192 192 192 255]
  [192 192 192 255]
  [192 192 192 255]
  ...
  [251 251 251 255]
  [251 251 251 255]
  [251 251 251 255]]

 [[192 192 192 255]
  [192 192 192 255]
  [192 192 192 255]
  ...
  [251 251 251 255]
  [251 251 251 255]
  [251 251 251 255]]

 [[192 192 192 255]
  [192 192 192 255]
  [192 192 192 255]
  ...
  [251 251 251 255]
  [251 251 251 255]
  [251 251 251 255]]

 ...

 [[195 195 195 255]
  [195 195 195 255]
  [195 195 195 255]
  ...
  [254 254 254 255]
  [254 254 254 255]
  [254 254 254 255]]

 [[195 195 195 255]
  [195 195 195 255]
  [195 195 195 255]
  ...
  [254 254 254 255]
  [254 254 254 255]
  [254 254 254 255]]

 [[195 195 195 255]
  [195 195 195 255]
  [195 195 195 255]
  ...
  [254 254 254 255]
  [254 254 254 255]
  [254 254 254 255]]]"
19,xxney.png,"[[[192 192 192 255]
  [192 192 192 255]
  [192 192 192 255]
  ...
  [251 251 251 255]
  [251 251 251 255]
  [251 251 251 255]]

 [[192 192 192 255]
  [192 192 192 255]
  [192 192 192 255]
  ...
  [251 251 251 255]
  [251 251 251 255]
  [251 251 251 255]]

 [[192 192 192 255]
  [192 192 192 255]
  [192 192 192 255]
  ...
  [251 251 251 255]
  [251 251 251 255]
  [251 251 251 255]]

 ...

 [[195 195 195 255]
  [195 195 195 255]
  [195 195 195 255]
  ...
  [254 254 254 255]
  [254 254 254 255]
  [254 254 254 255]]

 [[195 195 195 255]
  [195 195 195 255]
  [195 195 195 255]
  ...
  [254 254 254 255]
  [254 254 254 255]
  [254 254 254 255]]

 [[195 195 195 255]
  [195 195 195 255]
  [195 195 195 255]
  ...
  [254 254 254 255]
  [254 254 254 255]
  [254 254 254 255]]]"
20,xfg65.png,"[[[192 192 192 255]
  [192 192 192 255]
  [192 192 192 255]
  ...
  [251 251 251 255]
  [251 251 251 255]
  [251 251 251 255]]

 [[192 192 192 255]
  [192 192 192 255]
  [192 192 192 255]
  ...
  [251 251 251 255]
  [251 251 251 255]
  [251 251 251 255]]

 [[192 192 192 255]
  [192 192 192 255]
  [192 192 192 255]
  ...
  [251 251 251 255]
  [251 251 251 255]
  [251 251 251 255]]

 ...

 [[195 195 195 255]
  [195 195 195 255]
  [195 195 195 255]
  ...
  [254 254 254 255]
  [254 254 254 255]
  [254 254 254 255]]

 [[195 195 195 255]
  [195 195 195 255]
  [195 195 195 255]
  ...
  [254 254 254 255]
  [254 254 254 255]
  [254 254 254 255]]

 [[195 195 195 255]
  [195 195 195 255]
  [195 195 195 255]
  ...
  [254 254 254 255]
  [254 254 254 255]
  [254 254 254 255]]]"
21,y32yy.png,"[[[192 192 192 255]
  [192 192 192 255]
  [192 192 192 255]
  ...
  [251 251 251 255]
  [251 251 251 255]
  [251 251 251 255]]

 [[192 192 192 255]
  [192 192 192 255]
  [192 192 192 255]
  ...
  [251 251 251 255]
  [251 251 251 255]
  [251 251 251 255]]

 [[192 192 192 255]
  [192 192 192 255]
  [192 192 192 255]
  ...
  [251 251 251 255]
  [251 251 251 255]
  [251 251 251 255]]

 ...

 [[195 195 195 255]
  [195 195 195 255]
  [195 195 195 255]
  ...
  [254 254 254 255]
  [254 254 254 255]
  [254 254 254 255]]

 [[195 195 195 255]
  [195 195 195 255]
  [195 195 195 255]
  ...
  [254 254 254 255]
  [254 254 254 255]
  [254 254 254 255]]

 [[195 195 195 255]
  [195 195 195 255]
  [195 195 195 255]
  ...
  [254 254 254 255]
  [254 254 254 255]
  [254 254 254 255]]]"
22,yd755.png,"[[[192 192 192 255]
  [192 192 192 255]
  [192 192 192 255]
  ...
  [251 251 251 255]
  [251 251 251 255]
  [251 251 251 255]]

 [[192 192 192 255]
  [192 192 192 255]
  [192 192 192 255]
  ...
  [251 251 251 255]
  [251 251 251 255]
  [251 251 251 255]]

 [[192 192 192 255]
  [192 192 192 255]
  [192 192 192 255]
  ...
  [251 251 251 255]
  [251 251 251 255]
  [251 251 251 255]]

 ...

 [[195 195 195 255]
  [195 195 195 255]
  [195 195 195 255]
  ...
  [254 254 254 255]
  [254 254 254 255]
  [254 254 254 255]]

 [[195 195 195 255]
  [195 195 195 255]
  [195 195 195 255]
  ...
  [254 254 254 255]
  [254 254 254 255]
  [254 254 254 255]]

 [[195 195 195 255]
  [195 195 195 255]
  [195 195 195 255]
  ...
  [254 254 254 255]
  [254 254 254 255]
  [254 254 254 255]]]"
23,yd38e.png,"[[[192 192 192 255]
  [192 192 192 255]
  [192 192 192 255]
  ...
  [251 251 251 255]
  [251 251 251 255]
  [251 251 251 255]]

 [[192 192 192 255]
  [192 192 192 255]
  [192 192 192 255]
  ...
  [251 251 251 255]
  [251 251 251 255]
  [251 251 251 255]]

 [[192 192 192 255]
  [192 192 192 255]
  [192 192 192 255]
  ...
  [251 251 251 255]
  [251 251 251 255]
  [251 251 251 255]]

 ...

 [[195 195 195 255]
  [195 195 195 255]
  [195 195 195 255]
  ...
  [254 254 254 255]
  [254 254 254 255]
  [254 254 254 255]]

 [[195 195 195 255]
  [195 195 195 255]
  [195 195 195 255]
  ...
  [254 254 254 255]
  [254 254 254 255]
  [254 254 254 255]]

 [[195 195 195 255]
  [195 195 195 255]
  [195 195 195 255]
  ...
  [254 254 254 255]
  [254 254 254 255]
  [254 254 254 255]]]"
24,y5g87.png,"[[[192 192 192 255]
  [192 192 192 255]
  [192 192 192 255]
  ...
  [251 251 251 255]
  [251 251 251 255]
  [251 251 251 255]]

 [[192 192 192 255]
  [192 192 192 255]
  [192 192 192 255]
  ...
  [251 251 251 255]
  [251 251 251 255]
  [251 251 251 255]]

 [[192 192 192 255]
  [192 192 192 255]
  [192 192 192 255]
  ...
  [251 251 251 255]
  [251 251 251 255]
  [251 251 251 255]]

 ...

 [[195 195 195 255]
  [195 195 195 255]
  [195 195 195 255]
  ...
  [254 254 254 255]
  [254 254 254 255]
  [254 254 254 255]]

 [[195 195 195 255]
  [195 195 195 255]
  [195 195 195 255]
  ...
  [254 254 254 255]
  [254 254 254 255]
  [254 254 254 255]]

 [[195 195 195 255]
  [195 195 195 255]
  [195 195 195 255]
  ...
  [254 254 254 255]
  [254 254 254 255]
  [254 254 254 255]]]"
25,x38fn.png,"[[[192 192 192 255]
  [192 192 192 255]
  [192 192 192 255]
  ...
  [251 251 251 255]
  [251 251 251 255]
  [251 251 251 255]]

 [[192 192 192 255]
  [192 192 192 255]
  [192 192 192 255]
  ...
  [251 251 251 255]
  [251 251 251 255]
  [251 251 251 255]]

 [[192 192 192 255]
  [192 192 192 255]
  [192 192 192 255]
  ...
  [251 251 251 255]
  [251 251 251 255]
  [251 251 251 255]]

 ...

 [[195 195 195 255]
  [195 195 195 255]
  [195 195 195 255]
  ...
  [254 254 254 255]
  [254 254 254 255]
  [254 254 254 255]]

 [[195 195 195 255]
  [195 195 195 255]
  [195 195 195 255]
  ...
  [254 254 254 255]
  [254 254 254 255]
  [254 254 254 255]]

 [[195 195 195 255]
  [195 195 195 255]
  [195 195 195 255]
  ...
  [254 254 254 255]
  [254 254 254 255]
  [254 254 254 255]]]"
26,xyyyw.png,"[[[192 192 192 255]
  [192 192 192 255]
  [192 192 192 255]
  ...
  [251 251 251 255]
  [251 251 251 255]
  [251 251 251 255]]

 [[192 192 192 255]
  [192 192 192 255]
  [192 192 192 255]
  ...
  [251 251 251 255]
  [251 251 251 255]
  [251 251 251 255]]

 [[192 192 192 255]
  [192 192 192 255]
  [192 192 192 255]
  ...
  [251 251 251 255]
  [251 251 251 255]
  [251 251 251 255]]

 ...

 [[195 195 195 255]
  [195 195 195 255]
  [195 195 195 255]
  ...
  [254 254 254 255]
  [254 254 254 255]
  [254 254 254 255]]

 [[195 195 195 255]
  [195 195 195 255]
  [195 195 195 255]
  ...
  [254 254 254 255]
  [254 254 254 255]
  [254 254 254 255]]

 [[195 195 195 255]
  [195 195 195 255]
  [195 195 195 255]
  ...
  [254 254 254 255]
  [254 254 254 255]
  [254 254 254 255]]]"
27,yw667.png,"[[[192 192 192 255]
  [192 192 192 255]
  [192 192 192 255]
  ...
  [251 251 251 255]
  [251 251 251 255]
  [251 251 251 255]]

 [[192 192 192 255]
  [192 192 192 255]
  [192 192 192 255]
  ...
  [251 251 251 255]
  [251 251 251 255]
  [251 251 251 255]]

 [[192 192 192 255]
  [192 192 192 255]
  [192 192 192 255]
  ...
  [251 251 251 255]
  [251 251 251 255]
  [251 251 251 255]]

 ...

 [[195 195 195 255]
  [195 195 195 255]
  [195 195 195 255]
  ...
  [254 254 254 255]
  [254 254 254 255]
  [254 254 254 255]]

 [[195 195 195 255]
  [195 195 195 255]
  [195 195 195 255]
  ...
  [254 254 254 255]
  [254 254 254 255]
  [254 254 254 255]]

 [[195 195 195 255]
  [195 195 195 255]
  [195 195 195 255]
  ...
  [254 254 254 255]
  [254 254 254 255]
  [254 254 254 255]]]"
28,xxbm5.png,"[[[192 192 192 255]
  [192 192 192 255]
  [192 192 192 255]
  ...
  [251 251 251 255]
  [251 251 251 255]
  [251 251 251 255]]

 [[192 192 192 255]
  [192 192 192 255]
  [192 192 192 255]
  ...
  [251 251 251 255]
  [251 251 251 255]
  [251 251 251 255]]

 [[192 192 192 255]
  [192 192 192 255]
  [192 192 192 255]
  ...
  [251 251 251 255]
  [251 251 251 255]
  [251 251 251 255]]

 ...

 [[195 195 195 255]
  [195 195 195 255]
  [195 195 195 255]
  ...
  [254 254 254 255]
  [254 254 254 255]
  [254 254 254 255]]

 [[195 195 195 255]
  [195 195 195 255]
  [195 195 195 255]
  ...
  [254 254 254 255]
  [254 254 254 255]
  [254 254 254 255]]

 [[195 195 195 255]
  [195 195 195 255]
  [195 195 195 255]
  ...
  [254 254 254 255]
  [254 254 254 255]
  [254 254 254 255]]]"
29,xnn4d.png,"[[[192 192 192 255]
  [192 192 192 255]
  [192 192 192 255]
  ...
  [251 251 251 255]
  [251 251 251 255]
  [251 251 251 255]]

 [[192 192 192 255]
  [192 192 192 255]
  [192 192 192 255]
  ...
  [251 251 251 255]
  [251 251 251 255]
  [251 251 251 255]]

 [[192 192 192 255]
  [192 192 192 255]
  [192 192 192 255]
  ...
  [251 251 251 255]
  [251 251 251 255]
  [251 251 251 255]]

 ...

 [[195 195 195 255]
  [195 195 195 255]
  [195 195 195 255]
  ...
  [254 254 254 255]
  [254 254 254 255]
  [254 254 254 255]]

 [[195 195 195 255]
  [195 195 195 255]
  [195 195 195 255]
  ...
  [254 254 254 255]
  [254 254 254 255]
  [254 254 254 255]]

 [[195 195 195 255]
  [195 195 195 255]
  [195 195 195 255]
  ...
  [254 254 254 255]
  [254 254 254 255]
  [254 254 254 255]]]"
30,x5f54.png,"[[[192 192 192 255]
  [192 192 192 255]
  [192 192 192 255]
  ...
  [251 251 251 255]
  [251 251 251 255]
  [251 251 251 255]]

 [[192 192 192 255]
  [192 192 192 255]
  [192 192 192 255]
  ...
  [251 251 251 255]
  [251 251 251 255]
  [251 251 251 255]]

 [[192 192 192 255]
  [192 192 192 255]
  [192 192 192 255]
  ...
  [251 251 251 255]
  [251 251 251 255]
  [251 251 251 255]]

 ...

 [[195 195 195 255]
  [195 195 195 255]
  [195 195 195 255]
  ...
  [254 254 254 255]
  [254 254 254 255]
  [254 254 254 255]]

 [[195 195 195 255]
  [195 195 195 255]
  [195 195 195 255]
  ...
  [254 254 254 255]
  [254 254 254 255]
  [254 254 254 255]]

 [[195 195 195 255]
  [195 195 195 255]
  [195 195 195 255]
  ...
  [254 254 254 255]
  [254 254 254 255]
  [254 254 254 255]]]"
31,x74b2.png,"[[[192 192 192 255]
  [192 192 192 255]
  [192 192 192 255]
  ...
  [251 251 251 255]
  [251 251 251 255]
  [251 251 251 255]]

 [[192 192 192 255]
  [192 192 192 255]
  [192 192 192 255]
  ...
  [251 251 251 255]
  [251 251 251 255]
  [251 251 251 255]]

 [[192 192 192 255]
  [192 192 192 255]
  [192 192 192 255]
  ...
  [251 251 251 255]
  [251 251 251 255]
  [251 251 251 255]]

 ...

 [[195 195 195 255]
  [195 195 195 255]
  [195 195 195 255]
  ...
  [254 254 254 255]
  [254 254 254 255]
  [254 254 254 255]]

 [[195 195 195 255]
  [195 195 195 255]
  [195 195 195 255]
  ...
  [254 254 254 255]
  [254 254 254 255]
  [254 254 254 255]]

 [[195 195 195 255]
  [195 195 195 255]
  [195 195 195 255]
  ...
  [254 254 254 255]
  [254 254 254 255]
  [254 254 254 255]]]"
32,yew6p.png,"[[[192 192 192 255]
  [192 192 192 255]
  [192 192 192 255]
  ...
  [251 251 251 255]
  [251 251 251 255]
  [251 251 251 255]]

 [[192 192 192 255]
  [192 192 192 255]
  [192 192 192 255]
  ...
  [251 251 251 255]
  [251 251 251 255]
  [251 251 251 255]]

 [[192 192 192 255]
  [192 192 192 255]
  [192 192 192 255]
  ...
  [251 251 251 255]
  [251 251 251 255]
  [251 251 251 255]]

 ...

 [[195 195 195 255]
  [195 195 195 255]
  [195 195 195 255]
  ...
  [254 254 254 255]
  [254 254 254 255]
  [254 254 254 255]]

 [[195 195 195 255]
  [195 195 195 255]
  [195 195 195 255]
  ...
  [254 254 254 255]
  [254 254 254 255]
  [254 254 254 255]]

 [[195 195 195 255]
  [195 195 195 255]
  [195 195 195 255]
  ...
  [254 254 254 255]
  [254 254 254 255]
  [254 254 254 255]]]"
33,y4g3b.png,"[[[192 192 192 255]
  [192 192 192 255]
  [192 192 192 255]
  ...
  [251 251 251 255]
  [251 251 251 255]
  [251 251 251 255]]

 [[192 192 192 255]
  [192 192 192 255]
  [192 192 192 255]
  ...
  [251 251 251 255]
  [251 251 251 255]
  [251 251 251 255]]

 [[192 192 192 255]
  [192 192 192 255]
  [192 192 192 255]
  ...
  [251 251 251 255]
  [251 251 251 255]
  [251 251 251 255]]

 ...

 [[195 195 195 255]
  [195 195 195 255]
  [195 195 195 255]
  ...
  [254 254 254 255]
  [254 254 254 255]
  [254 254 254 255]]

 [[195 195 195 255]
  [195 195 195 255]
  [195 195 195 255]
  ...
  [254 254 254 255]
  [254 254 254 255]
  [254 254 254 255]]

 [[195 195 195 255]
  [195 195 195 255]
  [195 195 195 255]
  ...
  [254 254 254 255]
  [254 254 254 255]
  [254 254 254 255]]]"
34,x775w.png,"[[[192 192 192 255]
  [192 192 192 255]
  [192 192 192 255]
  ...
  [251 251 251 255]
  [251 251 251 255]
  [251 251 251 255]]

 [[192 192 192 255]
  [192 192 192 255]
  [192 192 192 255]
  ...
  [251 251 251 255]
  [251 251 251 255]
  [251 251 251 255]]

 [[192 192 192 255]
  [192 192 192 255]
  [192 192 192 255]
  ...
  [251 251 251 255]
  [251 251 251 255]
  [251 251 251 255]]

 ...

 [[195 195 195 255]
  [195 195 195 255]
  [195 195 195 255]
  ...
  [254 254 254 255]
  [254 254 254 255]
  [254 254 254 255]]

 [[195 195 195 255]
  [195 195 195 255]
  [195 195 195 255]
  ...
  [254 254 254 255]
  [254 254 254 255]
  [254 254 254 255]]

 [[195 195 195 255]
  [195 195 195 255]
  [195 195 195 255]
  ...
  [254 254 254 255]
  [254 254 254 255]
  [254 254 254 255]]]"
35,yy824.png,"[[[192 192 192 255]
  [192 192 192 255]
  [192 192 192 255]
  ...
  [251 251 251 255]
  [251 251 251 255]
  [251 251 251 255]]

 [[192 192 192 255]
  [192 192 192 255]
  [192 192 192 255]
  ...
  [251 251 251 255]
  [251 251 251 255]
  [251 251 251 255]]

 [[192 192 192 255]
  [192 192 192 255]
  [192 192 192 255]
  ...
  [251 251 251 255]
  [251 251 251 255]
  [251 251 251 255]]

 ...

 [[195 195 195 255]
  [195 195 195 255]
  [195 195 195 255]
  ...
  [254 254 254 255]
  [254 254 254 255]
  [254 254 254 255]]

 [[195 195 195 255]
  [195 195 195 255]
  [195 195 195 255]
  ...
  [254 254 254 255]
  [254 254 254 255]
  [254 254 254 255]]

 [[195 195 195 255]
  [195 195 195 255]
  [195 195 195 255]
  ...
  [254 254 254 255]
  [254 254 254 255]
  [254 254 254 255]]]"
36,yeyn4.png,"[[[192 192 192 255]
  [192 192 192 255]
  [192 192 192 255]
  ...
  [251 251 251 255]
  [251 251 251 255]
  [251 251 251 255]]

 [[192 192 192 255]
  [192 192 192 255]
  [192 192 192 255]
  ...
  [251 251 251 255]
  [251 251 251 255]
  [251 251 251 255]]

 [[192 192 192 255]
  [192 192 192 255]
  [192 192 192 255]
  ...
  [251 251 251 255]
  [251 251 251 255]
  [251 251 251 255]]

 ...

 [[195 195 195 255]
  [195 195 195 255]
  [195 195 195 255]
  ...
  [254 254 254 255]
  [254 254 254 255]
  [254 254 254 255]]

 [[195 195 195 255]
  [195 195 195 255]
  [195 195 195 255]
  ...
  [254 254 254 255]
  [254 254 254 255]
  [254 254 254 255]]

 [[195 195 195 255]
  [195 195 195 255]
  [195 195 195 255]
  ...
  [254 254 254 255]
  [254 254 254 255]
  [254 254 254 255]]]"
37,yxd7m.png,"[[[192 192 192 255]
  [192 192 192 255]
  [192 192 192 255]
  ...
  [251 251 251 255]
  [251 251 251 255]
  [251 251 251 255]]

 [[192 192 192 255]
  [192 192 192 255]
  [192 192 192 255]
  ...
  [251 251 251 255]
  [251 251 251 255]
  [251 251 251 255]]

 [[192 192 192 255]
  [192 192 192 255]
  [192 192 192 255]
  ...
  [251 251 251 255]
  [251 251 251 255]
  [251 251 251 255]]

 ...

 [[195 195 195 255]
  [195 195 195 255]
  [195 195 195 255]
  ...
  [254 254 254 255]
  [254 254 254 255]
  [254 254 254 255]]

 [[195 195 195 255]
  [195 195 195 255]
  [195 195 195 255]
  ...
  [254 254 254 255]
  [254 254 254 255]
  [254 254 254 255]]

 [[195 195 195 255]
  [195 195 195 255]
  [195 195 195 255]
  ...
  [254 254 254 255]
  [254 254 254 255]
  [254 254 254 255]]]"
38,x7422.png,"[[[192 192 192 255]
  [192 192 192 255]
  [192 192 192 255]
  ...
  [251 251 251 255]
  [251 251 251 255]
  [251 251 251 255]]

 [[192 192 192 255]
  [192 192 192 255]
  [192 192 192 255]
  ...
  [251 251 251 255]
  [251 251 251 255]
  [251 251 251 255]]

 [[192 192 192 255]
  [192 192 192 255]
  [192 192 192 255]
  ...
  [251 251 251 255]
  [251 251 251 255]
  [251 251 251 255]]

 ...

 [[195 195 195 255]
  [195 195 195 255]
  [195 195 195 255]
  ...
  [254 254 254 255]
  [254 254 254 255]
  [254 254 254 255]]

 [[195 195 195 255]
  [195 195 195 255]
  [195 195 195 255]
  ...
  [254 254 254 255]
  [254 254 254 255]
  [254 254 254 255]]

 [[195 195 195 255]
  [195 195 195 255]
  [195 195 195 255]
  ...
  [254 254 254 255]
  [254 254 254 255]
  [254 254 254 255]]]"
39,xwx7d.png,"[[[192 192 192 255]
  [192 192 192 255]
  [192 192 192 255]
  ...
  [251 251 251 255]
  [251 251 251 255]
  [251 251 251 255]]

 [[192 192 192 255]
  [192 192 192 255]
  [192 192 192 255]
  ...
  [251 251 251 255]
  [251 251 251 255]
  [251 251 251 255]]

 [[192 192 192 255]
  [192 192 192 255]
  [192 192 192 255]
  ...
  [251 251 251 255]
  [251 251 251 255]
  [251 251 251 255]]

 ...

 [[195 195 195 255]
  [195 195 195 255]
  [195 195 195 255]
  ...
  [254 254 254 255]
  [254 254 254 255]
  [254 254 254 255]]

 [[195 195 195 255]
  [195 195 195 255]
  [195 195 195 255]
  ...
  [254 254 254 255]
  [254 254 254 255]
  [254 254 254 255]]

 [[195 195 195 255]
  [195 195 195 255]
  [195 195 195 255]
  ...
  [254 254 254 255]
  [254 254 254 255]
  [254 254 254 255]]]"
40,yx2d4.png,"[[[192 192 192 255]
  [192 192 192 255]
  [192 192 192 255]
  ...
  [251 251 251 255]
  [251 251 251 255]
  [251 251 251 255]]

 [[192 192 192 255]
  [192 192 192 255]
  [192 192 192 255]
  ...
  [251 251 251 255]
  [251 251 251 255]
  [251 251 251 255]]

 [[192 192 192 255]
  [192 192 192 255]
  [192 192 192 255]
  ...
  [251 251 251 255]
  [251 251 251 255]
  [251 251 251 255]]

 ...

 [[195 195 195 255]
  [195 195 195 255]
  [195 195 195 255]
  ...
  [254 254 254 255]
  [254 254 254 255]
  [254 254 254 255]]

 [[195 195 195 255]
  [195 195 195 255]
  [195 195 195 255]
  ...
  [254 254 254 255]
  [254 254 254 255]
  [254 254 254 255]]

 [[195 195 195 255]
  [195 195 195 255]
  [195 195 195 255]
  ...
  [254 254 254 255]
  [254 254 254 255]
  [254 254 254 255]]]"
41,ypp8f.png,"[[[192 192 192 255]
  [192 192 192 255]
  [192 192 192 255]
  ...
  [251 251 251 255]
  [251 251 251 255]
  [251 251 251 255]]

 [[192 192 192 255]
  [192 192 192 255]
  [192 192 192 255]
  ...
  [251 251 251 255]
  [251 251 251 255]
  [251 251 251 255]]

 [[192 192 192 255]
  [192 192 192 255]
  [192 192 192 255]
  ...
  [251 251 251 255]
  [251 251 251 255]
  [251 251 251 255]]

 ...

 [[195 195 195 255]
  [195 195 195 255]
  [195 195 195 255]
  ...
  [254 254 254 255]
  [254 254 254 255]
  [254 254 254 255]]

 [[195 195 195 255]
  [195 195 195 255]
  [195 195 195 255]
  ...
  [254 254 254 255]
  [254 254 254 255]
  [254 254 254 255]]

 [[195 195 195 255]
  [195 195 195 255]
  [195 195 195 255]
  ...
  [254 254 254 255]
  [254 254 254 255]
  [254 254 254 255]]]"
42,y5dpp.png,"[[[192 192 192 255]
  [192 192 192 255]
  [192 192 192 255]
  ...
  [251 251 251 255]
  [251 251 251 255]
  [251 251 251 255]]

 [[192 192 192 255]
  [192 192 192 255]
  [192 192 192 255]
  ...
  [251 251 251 255]
  [251 251 251 255]
  [251 251 251 255]]

 [[192 192 192 255]
  [192 192 192 255]
  [192 192 192 255]
  ...
  [251 251 251 255]
  [251 251 251 255]
  [251 251 251 255]]

 ...

 [[195 195 195 255]
  [195 195 195 255]
  [195 195 195 255]
  ...
  [254 254 254 255]
  [254 254 254 255]
  [254 254 254 255]]

 [[195 195 195 255]
  [195 195 195 255]
  [195 195 195 255]
  ...
  [254 254 254 255]
  [254 254 254 255]
  [254 254 254 255]]

 [[195 195 195 255]
  [195 195 195 255]
  [195 195 195 255]
  ...
  [254 254 254 255]
  [254 254 254 255]
  [254 254 254 255]]]"
43,xcmbp.png,"[[[192 192 192 255]
  [192 192 192 255]
  [192 192 192 255]
  ...
  [251 251 251 255]
  [251 251 251 255]
  [251 251 251 255]]

 [[192 192 192 255]
  [192 192 192 255]
  [192 192 192 255]
  ...
  [251 251 251 255]
  [251 251 251 255]
  [251 251 251 255]]

 [[192 192 192 255]
  [192 192 192 255]
  [192 192 192 255]
  ...
  [251 251 251 255]
  [251 251 251 255]
  [251 251 251 255]]

 ...

 [[195 195 195 255]
  [195 195 195 255]
  [195 195 195 255]
  ...
  [254 254 254 255]
  [254 254 254 255]
  [254 254 254 255]]

 [[195 195 195 255]
  [195 195 195 255]
  [195 195 195 255]
  ...
  [254 254 254 255]
  [254 254 254 255]
  [254 254 254 255]]

 [[195 195 195 255]
  [195 195 195 255]
  [195 195 195 255]
  ...
  [254 254 254 255]
  [254 254 254 255]
  [254 254 254 255]]]"
44,xyncc.png,"[[[192 192 192 255]
  [192 192 192 255]
  [192 192 192 255]
  ...
  [251 251 251 255]
  [251 251 251 255]
  [251 251 251 255]]

 [[192 192 192 255]
  [192 192 192 255]
  [192 192 192 255]
  ...
  [251 251 251 255]
  [251 251 251 255]
  [251 251 251 255]]

 [[192 192 192 255]
  [192 192 192 255]
  [192 192 192 255]
  ...
  [251 251 251 255]
  [251 251 251 255]
  [251 251 251 255]]

 ...

 [[195 195 195 255]
  [195 195 195 255]
  [195 195 195 255]
  ...
  [254 254 254 255]
  [254 254 254 255]
  [254 254 254 255]]

 [[195 195 195 255]
  [195 195 195 255]
  [195 195 195 255]
  ...
  [254 254 254 255]
  [254 254 254 255]
  [254 254 254 255]]

 [[195 195 195 255]
  [195 195 195 255]
  [195 195 195 255]
  ...
  [254 254 254 255]
  [254 254 254 255]
  [254 254 254 255]]]"
45,ygce8.jpg,"[[[192 192 192]
  [192 192 192]
  [192 192 192]
  ...
  [251 251 251]
  [251 251 251]
  [251 251 251]]

 [[192 192 192]
  [192 192 192]
  [192 192 192]
  ...
  [251 251 251]
  [251 251 251]
  [251 251 251]]

 [[192 192 192]
  [192 192 192]
  [192 192 192]
  ...
  [251 251 251]
  [251 251 251]
  [251 251 251]]

 ...

 [[195 195 195]
  [195 195 195]
  [195 195 195]
  ...
  [254 254 254]
  [254 254 254]
  [254 254 254]]

 [[195 195 195]
  [195 195 195]
  [195 195 195]
  ...
  [254 254 254]
  [254 254 254]
  [254 254 254]]

 [[195 195 195]
  [195 195 195]
  [195 195 195]
  ...
  [254 254 254]
  [254 254 254]
  [254 254 254]]]"
46,ygenn.png,"[[[192 192 192 255]
  [192 192 192 255]
  [192 192 192 255]
  ...
  [251 251 251 255]
  [251 251 251 255]
  [251 251 251 255]]

 [[192 192 192 255]
  [192 192 192 255]
  [192 192 192 255]
  ...
  [251 251 251 255]
  [251 251 251 255]
  [251 251 251 255]]

 [[192 192 192 255]
  [192 192 192 255]
  [192 192 192 255]
  ...
  [251 251 251 255]
  [251 251 251 255]
  [251 251 251 255]]

 ...

 [[195 195 195 255]
  [195 195 195 255]
  [195 195 195 255]
  ...
  [254 254 254 255]
  [254 254 254 255]
  [254 254 254 255]]

 [[195 195 195 255]
  [195 195 195 255]
  [195 195 195 255]
  ...
  [254 254 254 255]
  [254 254 254 255]
  [254 254 254 255]]

 [[195 195 195 255]
  [195 195 195 255]
  [195 195 195 255]
  ...
  [254 254 254 255]
  [254 254 254 255]
  [254 254 254 255]]]"
47,xgcxy.png,"[[[192 192 192 255]
  [192 192 192 255]
  [192 192 192 255]
  ...
  [251 251 251 255]
  [251 251 251 255]
  [251 251 251 255]]

 [[192 192 192 255]
  [192 192 192 255]
  [192 192 192 255]
  ...
  [251 251 251 255]
  [251 251 251 255]
  [251 251 251 255]]

 [[192 192 192 255]
  [192 192 192 255]
  [192 192 192 255]
  ...
  [251 251 251 255]
  [251 251 251 255]
  [251 251 251 255]]

 ...

 [[195 195 195 255]
  [195 195 195 255]
  [195 195 195 255]
  ...
  [254 254 254 255]
  [254 254 254 255]
  [254 254 254 255]]

 [[195 195 195 255]
  [195 195 195 255]
  [195 195 195 255]
  ...
  [254 254 254 255]
  [254 254 254 255]
  [254 254 254 255]]

 [[195 195 195 255]
  [195 195 195 255]
  [195 195 195 255]
  ...
  [254 254 254 255]
  [254 254 254 255]
  [254 254 254 255]]]"
48,x6b5m.png,"[[[192 192 192 255]
  [192 192 192 255]
  [192 192 192 255]
  ...
  [251 251 251 255]
  [251 251 251 255]
  [251 251 251 255]]

 [[192 192 192 255]
  [192 192 192 255]
  [192 192 192 255]
  ...
  [251 251 251 255]
  [251 251 251 255]
  [251 251 251 255]]

 [[192 192 192 255]
  [192 192 192 255]
  [192 192 192 255]
  ...
  [251 251 251 255]
  [251 251 251 255]
  [251 251 251 255]]

 ...

 [[195 195 195 255]
  [195 195 195 255]
  [195 195 195 255]
  ...
  [254 254 254 255]
  [254 254 254 255]
  [254 254 254 255]]

 [[195 195 195 255]
  [195 195 195 255]
  [195 195 195 255]
  ...
  [254 254 254 255]
  [254 254 254 255]
  [254 254 254 255]]

 [[195 195 195 255]
  [195 195 195 255]
  [195 195 195 255]
  ...
  [254 254 254 255]
  [254 254 254 255]
  [254 254 254 255]]]"
49,xnfx5.png,"[[[192 192 192 255]
  [192 192 192 255]
  [192 192 192 255]
  ...
  [251 251 251 255]
  [251 251 251 255]
  [251 251 251 255]]

 [[192 192 192 255]
  [192 192 192 255]
  [192 192 192 255]
  ...
  [251 251 251 255]
  [251 251 251 255]
  [251 251 251 255]]

 [[192 192 192 255]
  [192 192 192 255]
  [192 192 192 255]
  ...
  [251 251 251 255]
  [251 251 251 255]
  [251 251 251 255]]

 ...

 [[195 195 195 255]
  [195 195 195 255]
  [195 195 195 255]
  ...
  [254 254 254 255]
  [254 254 254 255]
  [254 254 254 255]]

 [[195 195 195 255]
  [195 195 195 255]
  [195 195 195 255]
  ...
  [254 254 254 255]
  [254 254 254 255]
  [254 254 254 255]]

 [[195 195 195 255]
  [195 195 195 255]
  [195 195 195 255]
  ...
  [254 254 254 255]
  [254 254 254 255]
  [254 254 254 255]]]"
50,yemy4.png,"[[[192 192 192 255]
  [192 192 192 255]
  [192 192 192 255]
  ...
  [251 251 251 255]
  [251 251 251 255]
  [251 251 251 255]]

 [[192 192 192 255]
  [192 192 192 255]
  [192 192 192 255]
  ...
  [251 251 251 255]
  [251 251 251 255]
  [251 251 251 255]]

 [[192 192 192 255]
  [192 192 192 255]
  [192 192 192 255]
  ...
  [251 251 251 255]
  [251 251 251 255]
  [251 251 251 255]]

 ...

 [[195 195 195 255]
  [195 195 195 255]
  [195 195 195 255]
  ...
  [254 254 254 255]
  [254 254 254 255]
  [254 254 254 255]]

 [[195 195 195 255]
  [195 195 195 255]
  [195 195 195 255]
  ...
  [254 254 254 255]
  [254 254 254 255]
  [254 254 254 255]]

 [[195 195 195 255]
  [195 195 195 255]
  [195 195 195 255]
  ...
  [254 254 254 255]
  [254 254 254 255]
  [254 254 254 255]]]"
51,x7547.png,"[[[192 192 192 255]
  [192 192 192 255]
  [192 192 192 255]
  ...
  [251 251 251 255]
  [251 251 251 255]
  [251 251 251 255]]

 [[192 192 192 255]
  [192 192 192 255]
  [192 192 192 255]
  ...
  [251 251 251 255]
  [251 251 251 255]
  [251 251 251 255]]

 [[192 192 192 255]
  [192 192 192 255]
  [192 192 192 255]
  ...
  [251 251 251 255]
  [251 251 251 255]
  [251 251 251 255]]

 ...

 [[195 195 195 255]
  [195 195 195 255]
  [195 195 195 255]
  ...
  [254 254 254 255]
  [254 254 254 255]
  [254 254 254 255]]

 [[195 195 195 255]
  [195 195 195 255]
  [195 195 195 255]
  ...
  [254 254 254 255]
  [254 254 254 255]
  [254 254 254 255]]

 [[195 195 195 255]
  [195 195 195 255]
  [195 195 195 255]
  ...
  [254 254 254 255]
  [254 254 254 255]
  [254 254 254 255]]]"
52,ycmcw.png,"[[[192 192 192 255]
  [192 192 192 255]
  [192 192 192 255]
  ...
  [251 251 251 255]
  [251 251 251 255]
  [251 251 251 255]]

 [[192 192 192 255]
  [192 192 192 255]
  [192 192 192 255]
  ...
  [251 251 251 255]
  [251 251 251 255]
  [251 251 251 255]]

 [[192 192 192 255]
  [192 192 192 255]
  [192 192 192 255]
  ...
  [251 251 251 255]
  [251 251 251 255]
  [251 251 251 255]]

 ...

 [[195 195 195 255]
  [195 195 195 255]
  [195 195 195 255]
  ...
  [254 254 254 255]
  [254 254 254 255]
  [254 254 254 255]]

 [[195 195 195 255]
  [195 195 195 255]
  [195 195 195 255]
  ...
  [254 254 254 255]
  [254 254 254 255]
  [254 254 254 255]]

 [[195 195 195 255]
  [195 195 195 255]
  [195 195 195 255]
  ...
  [254 254 254 255]
  [254 254 254 255]
  [254 254 254 255]]]"
53,xe8xm.png,"[[[192 192 192 255]
  [192 192 192 255]
  [192 192 192 255]
  ...
  [251 251 251 255]
  [251 251 251 255]
  [251 251 251 255]]

 [[192 192 192 255]
  [192 192 192 255]
  [192 192 192 255]
  ...
  [251 251 251 255]
  [251 251 251 255]
  [251 251 251 255]]

 [[192 192 192 255]
  [192 192 192 255]
  [192 192 192 255]
  ...
  [251 251 251 255]
  [251 251 251 255]
  [251 251 251 255]]

 ...

 [[195 195 195 255]
  [195 195 195 255]
  [195 195 195 255]
  ...
  [254 254 254 255]
  [254 254 254 255]
  [254 254 254 255]]

 [[195 195 195 255]
  [195 195 195 255]
  [195 195 195 255]
  ...
  [254 254 254 255]
  [254 254 254 255]
  [254 254 254 255]]

 [[195 195 195 255]
  [195 195 195 255]
  [195 195 195 255]
  ...
  [254 254 254 255]
  [254 254 254 255]
  [254 254 254 255]]]"
54,x37bf.png,"[[[192 192 192 255]
  [192 192 192 255]
  [192 192 192 255]
  ...
  [251 251 251 255]
  [251 251 251 255]
  [251 251 251 255]]

 [[192 192 192 255]
  [192 192 192 255]
  [192 192 192 255]
  ...
  [251 251 251 255]
  [251 251 251 255]
  [251 251 251 255]]

 [[192 192 192 255]
  [192 192 192 255]
  [192 192 192 255]
  ...
  [251 251 251 255]
  [251 251 251 255]
  [251 251 251 255]]

 ...

 [[195 195 195 255]
  [195 195 195 255]
  [195 195 195 255]
  ...
  [254 254 254 255]
  [254 254 254 255]
  [254 254 254 255]]

 [[195 195 195 255]
  [195 195 195 255]
  [195 195 195 255]
  ...
  [254 254 254 255]
  [254 254 254 255]
  [254 254 254 255]]

 [[195 195 195 255]
  [195 195 195 255]
  [195 195 195 255]
  ...
  [254 254 254 255]
  [254 254 254 255]
  [254 254 254 255]]]"
55,xngxc.png,"[[[192 192 192 255]
  [192 192 192 255]
  [192 192 192 255]
  ...
  [251 251 251 255]
  [251 251 251 255]
  [251 251 251 255]]

 [[192 192 192 255]
  [192 192 192 255]
  [192 192 192 255]
  ...
  [251 251 251 255]
  [251 251 251 255]
  [251 251 251 255]]

 [[192 192 192 255]
  [192 192 192 255]
  [192 192 192 255]
  ...
  [251 251 251 255]
  [251 251 251 255]
  [251 251 251 255]]

 ...

 [[195 195 195 255]
  [195 195 195 255]
  [195 195 195 255]
  ...
  [254 254 254 255]
  [254 254 254 255]
  [254 254 254 255]]

 [[195 195 195 255]
  [195 195 195 255]
  [195 195 195 255]
  ...
  [254 254 254 255]
  [254 254 254 255]
  [254 254 254 255]]

 [[195 195 195 255]
  [195 195 195 255]
  [195 195 195 255]
  ...
  [254 254 254 255]
  [254 254 254 255]
  [254 254 254 255]]]"
56,xw465.png,"[[[192 192 192 255]
  [192 192 192 255]
  [192 192 192 255]
  ...
  [251 251 251 255]
  [251 251 251 255]
  [251 251 251 255]]

 [[192 192 192 255]
  [192 192 192 255]
  [192 192 192 255]
  ...
  [251 251 251 255]
  [251 251 251 255]
  [251 251 251 255]]

 [[192 192 192 255]
  [192 192 192 255]
  [192 192 192 255]
  ...
  [251 251 251 255]
  [251 251 251 255]
  [251 251 251 255]]

 ...

 [[195 195 195 255]
  [195 195 195 255]
  [195 195 195 255]
  ...
  [254 254 254 255]
  [254 254 254 255]
  [254 254 254 255]]

 [[195 195 195 255]
  [195 195 195 255]
  [195 195 195 255]
  ...
  [254 254 254 255]
  [254 254 254 255]
  [254 254 254 255]]

 [[195 195 195 255]
  [195 195 195 255]
  [195 195 195 255]
  ...
  [254 254 254 255]
  [254 254 254 255]
  [254 254 254 255]]]"
57,xemyg.png,"[[[192 192 192 255]
  [192 192 192 255]
  [192 192 192 255]
  ...
  [251 251 251 255]
  [251 251 251 255]
  [251 251 251 255]]

 [[192 192 192 255]
  [192 192 192 255]
  [192 192 192 255]
  ...
  [251 251 251 255]
  [251 251 251 255]
  [251 251 251 255]]

 [[192 192 192 255]
  [192 192 192 255]
  [192 192 192 255]
  ...
  [251 251 251 255]
  [251 251 251 255]
  [251 251 251 255]]

 ...

 [[195 195 195 255]
  [195 195 195 255]
  [195 195 195 255]
  ...
  [254 254 254 255]
  [254 254 254 255]
  [254 254 254 255]]

 [[195 195 195 255]
  [195 195 195 255]
  [195 195 195 255]
  ...
  [254 254 254 255]
  [254 254 254 255]
  [254 254 254 255]]

 [[195 195 195 255]
  [195 195 195 255]
  [195 195 195 255]
  ...
  [254 254 254 255]
  [254 254 254 255]
  [254 254 254 255]]]"
58,xxw44.png,"[[[192 192 192 255]
  [192 192 192 255]
  [192 192 192 255]
  ...
  [251 251 251 255]
  [251 251 251 255]
  [251 251 251 255]]

 [[192 192 192 255]
  [192 192 192 255]
  [192 192 192 255]
  ...
  [251 251 251 255]
  [251 251 251 255]
  [251 251 251 255]]

 [[192 192 192 255]
  [192 192 192 255]
  [192 192 192 255]
  ...
  [251 251 251 255]
  [251 251 251 255]
  [251 251 251 255]]

 ...

 [[195 195 195 255]
  [195 195 195 255]
  [195 195 195 255]
  ...
  [254 254 254 255]
  [254 254 254 255]
  [254 254 254 255]]

 [[195 195 195 255]
  [195 195 195 255]
  [195 195 195 255]
  ...
  [254 254 254 255]
  [254 254 254 255]
  [254 254 254 255]]

 [[195 195 195 255]
  [195 195 195 255]
  [195 195 195 255]
  ...
  [254 254 254 255]
  [254 254 254 255]
  [254 254 254 255]]]"
59,y2436.png,"[[[192 192 192 255]
  [192 192 192 255]
  [192 192 192 255]
  ...
  [251 251 251 255]
  [251 251 251 255]
  [251 251 251 255]]

 [[192 192 192 255]
  [192 192 192 255]
  [192 192 192 255]
  ...
  [251 251 251 255]
  [251 251 251 255]
  [251 251 251 255]]

 [[192 192 192 255]
  [192 192 192 255]
  [192 192 192 255]
  ...
  [251 251 251 255]
  [251 251 251 255]
  [251 251 251 255]]

 ...

 [[195 195 195 255]
  [195 195 195 255]
  [195 195 195 255]
  ...
  [254 254 254 255]
  [254 254 254 255]
  [254 254 254 255]]

 [[195 195 195 255]
  [195 195 195 255]
  [195 195 195 255]
  ...
  [254 254 254 255]
  [254 254 254 255]
  [254 254 254 255]]

 [[195 195 195 255]
  [195 195 195 255]
  [195 195 195 255]
  ...
  [254 254 254 255]
  [254 254 254 255]
  [254 254 254 255]]]"
60,x5nyn.png,"[[[192 192 192 255]
  [192 192 192 255]
  [192 192 192 255]
  ...
  [251 251 251 255]
  [251 251 251 255]
  [251 251 251 255]]

 [[192 192 192 255]
  [192 192 192 255]
  [192 192 192 255]
  ...
  [251 251 251 255]
  [251 251 251 255]
  [251 251 251 255]]

 [[192 192 192 255]
  [192 192 192 255]
  [192 192 192 255]
  ...
  [251 251 251 255]
  [251 251 251 255]
  [251 251 251 255]]

 ...

 [[195 195 195 255]
  [195 195 195 255]
  [195 195 195 255]
  ...
  [254 254 254 255]
  [254 254 254 255]
  [254 254 254 255]]

 [[195 195 195 255]
  [195 195 195 255]
  [195 195 195 255]
  ...
  [254 254 254 255]
  [254 254 254 255]
  [254 254 254 255]]

 [[195 195 195 255]
  [195 195 195 255]
  [195 195 195 255]
  ...
  [254 254 254 255]
  [254 254 254 255]
  [254 254 254 255]]]"
61,ycnfc.png,"[[[192 192 192 255]
  [192 192 192 255]
  [192 192 192 255]
  ...
  [251 251 251 255]
  [251 251 251 255]
  [251 251 251 255]]

 [[192 192 192 255]
  [192 192 192 255]
  [192 192 192 255]
  ...
  [251 251 251 255]
  [251 251 251 255]
  [251 251 251 255]]

 [[192 192 192 255]
  [192 192 192 255]
  [192 192 192 255]
  ...
  [251 251 251 255]
  [251 251 251 255]
  [251 251 251 255]]

 ...

 [[195 195 195 255]
  [195 195 195 255]
  [195 195 195 255]
  ...
  [254 254 254 255]
  [254 254 254 255]
  [254 254 254 255]]

 [[195 195 195 255]
  [195 195 195 255]
  [195 195 195 255]
  ...
  [254 254 254 255]
  [254 254 254 255]
  [254 254 254 255]]

 [[195 195 195 255]
  [195 195 195 255]
  [195 195 195 255]
  ...
  [254 254 254 255]
  [254 254 254 255]
  [254 254 254 255]]]"
62,xfn6n.png,"[[[192 192 192 255]
  [192 192 192 255]
  [192 192 192 255]
  ...
  [251 251 251 255]
  [251 251 251 255]
  [251 251 251 255]]

 [[192 192 192 255]
  [192 192 192 255]
  [192 192 192 255]
  ...
  [251 251 251 255]
  [251 251 251 255]
  [251 251 251 255]]

 [[192 192 192 255]
  [192 192 192 255]
  [192 192 192 255]
  ...
  [251 251 251 255]
  [251 251 251 255]
  [251 251 251 255]]

 ...

 [[195 195 195 255]
  [195 195 195 255]
  [195 195 195 255]
  ...
  [254 254 254 255]
  [254 254 254 255]
  [254 254 254 255]]

 [[195 195 195 255]
  [195 195 195 255]
  [195 195 195 255]
  ...
  [254 254 254 255]
  [254 254 254 255]
  [254 254 254 255]]

 [[195 195 195 255]
  [195 195 195 255]
  [195 195 195 255]
  ...
  [254 254 254 255]
  [254 254 254 255]
  [254 254 254 255]]]"
63,x362g.png,"[[[192 192 192 255]
  [192 192 192 255]
  [192 192 192 255]
  ...
  [251 251 251 255]
  [251 251 251 255]
  [251 251 251 255]]

 [[192 192 192 255]
  [192 192 192 255]
  [192 192 192 255]
  ...
  [251 251 251 255]
  [251 251 251 255]
  [251 251 251 255]]

 [[192 192 192 255]
  [192 192 192 255]
  [192 192 192 255]
  ...
  [251 251 251 255]
  [251 251 251 255]
  [251 251 251 255]]

 ...

 [[195 195 195 255]
  [195 195 195 255]
  [195 195 195 255]
  ...
  [254 254 254 255]
  [254 254 254 255]
  [254 254 254 255]]

 [[195 195 195 255]
  [195 195 195 255]
  [195 195 195 255]
  ...
  [254 254 254 255]
  [254 254 254 255]
  [254 254 254 255]]

 [[195 195 195 255]
  [195 195 195 255]
  [195 195 195 255]
  ...
  [254 254 254 255]
  [254 254 254 255]
  [254 254 254 255]]]"
64,xdcn4.png,"[[[192 192 192 255]
  [192 192 192 255]
  [192 192 192 255]
  ...
  [251 251 251 255]
  [251 251 251 255]
  [251 251 251 255]]

 [[192 192 192 255]
  [192 192 192 255]
  [192 192 192 255]
  ...
  [251 251 251 255]
  [251 251 251 255]
  [251 251 251 255]]

 [[192 192 192 255]
  [192 192 192 255]
  [192 192 192 255]
  ...
  [251 251 251 255]
  [251 251 251 255]
  [251 251 251 255]]

 ...

 [[195 195 195 255]
  [195 195 195 255]
  [195 195 195 255]
  ...
  [254 254 254 255]
  [254 254 254 255]
  [254 254 254 255]]

 [[195 195 195 255]
  [195 195 195 255]
  [195 195 195 255]
  ...
  [254 254 254 255]
  [254 254 254 255]
  [254 254 254 255]]

 [[195 195 195 255]
  [195 195 195 255]
  [195 195 195 255]
  ...
  [254 254 254 255]
  [254 254 254 255]
  [254 254 254 255]]]"
65,ymp7g.png,"[[[192 192 192 255]
  [192 192 192 255]
  [192 192 192 255]
  ...
  [251 251 251 255]
  [251 251 251 255]
  [251 251 251 255]]

 [[192 192 192 255]
  [192 192 192 255]
  [192 192 192 255]
  ...
  [251 251 251 255]
  [251 251 251 255]
  [251 251 251 255]]

 [[192 192 192 255]
  [192 192 192 255]
  [192 192 192 255]
  ...
  [251 251 251 255]
  [251 251 251 255]
  [251 251 251 255]]

 ...

 [[195 195 195 255]
  [195 195 195 255]
  [195 195 195 255]
  ...
  [254 254 254 255]
  [254 254 254 255]
  [254 254 254 255]]

 [[195 195 195 255]
  [195 195 195 255]
  [195 195 195 255]
  ...
  [254 254 254 255]
  [254 254 254 255]
  [254 254 254 255]]

 [[195 195 195 255]
  [195 195 195 255]
  [195 195 195 255]
  ...
  [254 254 254 255]
  [254 254 254 255]
  [254 254 254 255]]]"
66,y866y.png,"[[[192 192 192 255]
  [192 192 192 255]
  [192 192 192 255]
  ...
  [251 251 251 255]
  [251 251 251 255]
  [251 251 251 255]]

 [[192 192 192 255]
  [192 192 192 255]
  [192 192 192 255]
  ...
  [251 251 251 255]
  [251 251 251 255]
  [251 251 251 255]]

 [[192 192 192 255]
  [192 192 192 255]
  [192 192 192 255]
  ...
  [251 251 251 255]
  [251 251 251 255]
  [251 251 251 255]]

 ...

 [[195 195 195 255]
  [195 195 195 255]
  [195 195 195 255]
  ...
  [254 254 254 255]
  [254 254 254 255]
  [254 254 254 255]]

 [[195 195 195 255]
  [195 195 195 255]
  [195 195 195 255]
  ...
  [254 254 254 255]
  [254 254 254 255]
  [254 254 254 255]]

 [[195 195 195 255]
  [195 195 195 255]
  [195 195 195 255]
  ...
  [254 254 254 255]
  [254 254 254 255]
  [254 254 254 255]]]"
67,yg5bb.png,"[[[192 192 192 255]
  [192 192 192 255]
  [192 192 192 255]
  ...
  [251 251 251 255]
  [251 251 251 255]
  [251 251 251 255]]

 [[192 192 192 255]
  [192 192 192 255]
  [192 192 192 255]
  ...
  [251 251 251 255]
  [251 251 251 255]
  [251 251 251 255]]

 [[192 192 192 255]
  [192 192 192 255]
  [192 192 192 255]
  ...
  [251 251 251 255]
  [251 251 251 255]
  [251 251 251 255]]

 ...

 [[195 195 195 255]
  [195 195 195 255]
  [195 195 195 255]
  ...
  [254 254 254 255]
  [254 254 254 255]
  [254 254 254 255]]

 [[195 195 195 255]
  [195 195 195 255]
  [195 195 195 255]
  ...
  [254 254 254 255]
  [254 254 254 255]
  [254 254 254 255]]

 [[195 195 195 255]
  [195 195 195 255]
  [195 195 195 255]
  ...
  [254 254 254 255]
  [254 254 254 255]
  [254 254 254 255]]]"
68,y4ec2.png,"[[[192 192 192 255]
  [192 192 192 255]
  [192 192 192 255]
  ...
  [251 251 251 255]
  [251 251 251 255]
  [251 251 251 255]]

 [[192 192 192 255]
  [192 192 192 255]
  [192 192 192 255]
  ...
  [251 251 251 255]
  [251 251 251 255]
  [251 251 251 255]]

 [[192 192 192 255]
  [192 192 192 255]
  [192 192 192 255]
  ...
  [251 251 251 255]
  [251 251 251 255]
  [251 251 251 255]]

 ...

 [[195 195 195 255]
  [195 195 195 255]
  [195 195 195 255]
  ...
  [254 254 254 255]
  [254 254 254 255]
  [254 254 254 255]]

 [[195 195 195 255]
  [195 195 195 255]
  [195 195 195 255]
  ...
  [254 254 254 255]
  [254 254 254 255]
  [254 254 254 255]]

 [[195 195 195 255]
  [195 195 195 255]
  [195 195 195 255]
  ...
  [254 254 254 255]
  [254 254 254 255]
  [254 254 254 255]]]"
69,yw8y5.jpg,"[[[192 192 192]
  [192 192 192]
  [192 192 192]
  ...
  [251 251 251]
  [251 251 251]
  [251 251 251]]

 [[192 192 192]
  [192 192 192]
  [192 192 192]
  ...
  [251 251 251]
  [251 251 251]
  [251 251 251]]

 [[192 192 192]
  [192 192 192]
  [192 192 192]
  ...
  [251 251 251]
  [251 251 251]
  [251 251 251]]

 ...

 [[195 195 195]
  [195 195 195]
  [195 195 195]
  ...
  [254 254 254]
  [254 254 254]
  [254 254 254]]

 [[195 195 195]
  [195 195 195]
  [195 195 195]
  ...
  [254 254 254]
  [254 254 254]
  [254 254 254]]

 [[195 195 195]
  [195 195 195]
  [195 195 195]
  ...
  [254 254 254]
  [254 254 254]
  [254 254 254]]]"
70,xp24p.png,"[[[192 192 192 255]
  [192 192 192 255]
  [192 192 192 255]
  ...
  [251 251 251 255]
  [251 251 251 255]
  [251 251 251 255]]

 [[192 192 192 255]
  [192 192 192 255]
  [192 192 192 255]
  ...
  [251 251 251 255]
  [251 251 251 255]
  [251 251 251 255]]

 [[192 192 192 255]
  [192 192 192 255]
  [192 192 192 255]
  ...
  [251 251 251 255]
  [251 251 251 255]
  [251 251 251 255]]

 ...

 [[195 195 195 255]
  [195 195 195 255]
  [195 195 195 255]
  ...
  [254 254 254 255]
  [254 254 254 255]
  [254 254 254 255]]

 [[195 195 195 255]
  [195 195 195 255]
  [195 195 195 255]
  ...
  [254 254 254 255]
  [254 254 254 255]
  [254 254 254 255]]

 [[195 195 195 255]
  [195 195 195 255]
  [195 195 195 255]
  ...
  [254 254 254 255]
  [254 254 254 255]
  [254 254 254 255]]]"
71,x458w.png,"[[[192 192 192 255]
  [192 192 192 255]
  [192 192 192 255]
  ...
  [251 251 251 255]
  [251 251 251 255]
  [251 251 251 255]]

 [[192 192 192 255]
  [192 192 192 255]
  [192 192 192 255]
  ...
  [251 251 251 255]
  [251 251 251 255]
  [251 251 251 255]]

 [[192 192 192 255]
  [192 192 192 255]
  [192 192 192 255]
  ...
  [251 251 251 255]
  [251 251 251 255]
  [251 251 251 255]]

 ...

 [[195 195 195 255]
  [195 195 195 255]
  [195 195 195 255]
  ...
  [254 254 254 255]
  [254 254 254 255]
  [254 254 254 255]]

 [[195 195 195 255]
  [195 195 195 255]
  [195 195 195 255]
  ...
  [254 254 254 255]
  [254 254 254 255]
  [254 254 254 255]]

 [[195 195 195 255]
  [195 195 195 255]
  [195 195 195 255]
  ...
  [254 254 254 255]
  [254 254 254 255]
  [254 254 254 255]]]"
72,y5w28.png,"[[[192 192 192 255]
  [192 192 192 255]
  [192 192 192 255]
  ...
  [251 251 251 255]
  [251 251 251 255]
  [251 251 251 255]]

 [[192 192 192 255]
  [192 192 192 255]
  [192 192 192 255]
  ...
  [251 251 251 255]
  [251 251 251 255]
  [251 251 251 255]]

 [[192 192 192 255]
  [192 192 192 255]
  [192 192 192 255]
  ...
  [251 251 251 255]
  [251 251 251 255]
  [251 251 251 255]]

 ...

 [[195 195 195 255]
  [195 195 195 255]
  [195 195 195 255]
  ...
  [254 254 254 255]
  [254 254 254 255]
  [254 254 254 255]]

 [[195 195 195 255]
  [195 195 195 255]
  [195 195 195 255]
  ...
  [254 254 254 255]
  [254 254 254 255]
  [254 254 254 255]]

 [[195 195 195 255]
  [195 195 195 255]
  [195 195 195 255]
  ...
  [254 254 254 255]
  [254 254 254 255]
  [254 254 254 255]]]"
73,x7746.png,"[[[192 192 192 255]
  [192 192 192 255]
  [192 192 192 255]
  ...
  [251 251 251 255]
  [251 251 251 255]
  [251 251 251 255]]

 [[192 192 192 255]
  [192 192 192 255]
  [192 192 192 255]
  ...
  [251 251 251 255]
  [251 251 251 255]
  [251 251 251 255]]

 [[192 192 192 255]
  [192 192 192 255]
  [192 192 192 255]
  ...
  [251 251 251 255]
  [251 251 251 255]
  [251 251 251 255]]

 ...

 [[195 195 195 255]
  [195 195 195 255]
  [195 195 195 255]
  ...
  [254 254 254 255]
  [254 254 254 255]
  [254 254 254 255]]

 [[195 195 195 255]
  [195 195 195 255]
  [195 195 195 255]
  ...
  [254 254 254 255]
  [254 254 254 255]
  [254 254 254 255]]

 [[195 195 195 255]
  [195 195 195 255]
  [195 195 195 255]
  ...
  [254 254 254 255]
  [254 254 254 255]
  [254 254 254 255]]]"
74,y33nm.png,"[[[192 192 192 255]
  [192 192 192 255]
  [192 192 192 255]
  ...
  [251 251 251 255]
  [251 251 251 255]
  [251 251 251 255]]

 [[192 192 192 255]
  [192 192 192 255]
  [192 192 192 255]
  ...
  [251 251 251 255]
  [251 251 251 255]
  [251 251 251 255]]

 [[192 192 192 255]
  [192 192 192 255]
  [192 192 192 255]
  ...
  [251 251 251 255]
  [251 251 251 255]
  [251 251 251 255]]

 ...

 [[195 195 195 255]
  [195 195 195 255]
  [195 195 195 255]
  ...
  [254 254 254 255]
  [254 254 254 255]
  [254 254 254 255]]

 [[195 195 195 255]
  [195 195 195 255]
  [195 195 195 255]
  ...
  [254 254 254 255]
  [254 254 254 255]
  [254 254 254 255]]

 [[195 195 195 255]
  [195 195 195 255]
  [195 195 195 255]
  ...
  [254 254 254 255]
  [254 254 254 255]
  [254 254 254 255]]]"
75,yge7c.jpg,"[[[192 192 192]
  [192 192 192]
  [192 192 192]
  ...
  [251 251 251]
  [251 251 251]
  [251 251 251]]

 [[192 192 192]
  [192 192 192]
  [192 192 192]
  ...
  [251 251 251]
  [251 251 251]
  [251 251 251]]

 [[192 192 192]
  [192 192 192]
  [192 192 192]
  ...
  [251 251 251]
  [251 251 251]
  [251 251 251]]

 ...

 [[195 195 195]
  [195 195 195]
  [195 195 195]
  ...
  [254 254 254]
  [254 254 254]
  [254 254 254]]

 [[195 195 195]
  [195 195 195]
  [195 195 195]
  ...
  [254 254 254]
  [254 254 254]
  [254 254 254]]

 [[195 195 195]
  [195 195 195]
  [195 195 195]
  ...
  [254 254 254]
  [254 254 254]
  [254 254 254]]]"
76,x8e8n.png,"[[[192 192 192 255]
  [192 192 192 255]
  [192 192 192 255]
  ...
  [251 251 251 255]
  [251 251 251 255]
  [251 251 251 255]]

 [[192 192 192 255]
  [192 192 192 255]
  [192 192 192 255]
  ...
  [251 251 251 255]
  [251 251 251 255]
  [251 251 251 255]]

 [[192 192 192 255]
  [192 192 192 255]
  [192 192 192 255]
  ...
  [251 251 251 255]
  [251 251 251 255]
  [251 251 251 255]]

 ...

 [[195 195 195 255]
  [195 195 195 255]
  [195 195 195 255]
  ...
  [254 254 254 255]
  [254 254 254 255]
  [254 254 254 255]]

 [[195 195 195 255]
  [195 195 195 255]
  [195 195 195 255]
  ...
  [254 254 254 255]
  [254 254 254 255]
  [254 254 254 255]]

 [[195 195 195 255]
  [195 195 195 255]
  [195 195 195 255]
  ...
  [254 254 254 255]
  [254 254 254 255]
  [254 254 254 255]]]"
77,yd3m3.png,"[[[192 192 192 255]
  [192 192 192 255]
  [192 192 192 255]
  ...
  [251 251 251 255]
  [251 251 251 255]
  [251 251 251 255]]

 [[192 192 192 255]
  [192 192 192 255]
  [192 192 192 255]
  ...
  [251 251 251 255]
  [251 251 251 255]
  [251 251 251 255]]

 [[192 192 192 255]
  [192 192 192 255]
  [192 192 192 255]
  ...
  [251 251 251 255]
  [251 251 251 255]
  [251 251 251 255]]

 ...

 [[195 195 195 255]
  [195 195 195 255]
  [195 195 195 255]
  ...
  [254 254 254 255]
  [254 254 254 255]
  [254 254 254 255]]

 [[195 195 195 255]
  [195 195 195 255]
  [195 195 195 255]
  ...
  [254 254 254 255]
  [254 254 254 255]
  [254 254 254 255]]

 [[195 195 195 255]
  [195 195 195 255]
  [195 195 195 255]
  ...
  [254 254 254 255]
  [254 254 254 255]
  [254 254 254 255]]]"
78,xdn65.png,"[[[192 192 192 255]
  [192 192 192 255]
  [192 192 192 255]
  ...
  [251 251 251 255]
  [251 251 251 255]
  [251 251 251 255]]

 [[192 192 192 255]
  [192 192 192 255]
  [192 192 192 255]
  ...
  [251 251 251 255]
  [251 251 251 255]
  [251 251 251 255]]

 [[192 192 192 255]
  [192 192 192 255]
  [192 192 192 255]
  ...
  [251 251 251 255]
  [251 251 251 255]
  [251 251 251 255]]

 ...

 [[195 195 195 255]
  [195 195 195 255]
  [195 195 195 255]
  ...
  [254 254 254 255]
  [254 254 254 255]
  [254 254 254 255]]

 [[195 195 195 255]
  [195 195 195 255]
  [195 195 195 255]
  ...
  [254 254 254 255]
  [254 254 254 255]
  [254 254 254 255]]

 [[195 195 195 255]
  [195 195 195 255]
  [195 195 195 255]
  ...
  [254 254 254 255]
  [254 254 254 255]
  [254 254 254 255]]]"
79,y53c2.png,"[[[192 192 192 255]
  [192 192 192 255]
  [192 192 192 255]
  ...
  [251 251 251 255]
  [251 251 251 255]
  [251 251 251 255]]

 [[192 192 192 255]
  [192 192 192 255]
  [192 192 192 255]
  ...
  [251 251 251 255]
  [251 251 251 255]
  [251 251 251 255]]

 [[192 192 192 255]
  [192 192 192 255]
  [192 192 192 255]
  ...
  [251 251 251 255]
  [251 251 251 255]
  [251 251 251 255]]

 ...

 [[195 195 195 255]
  [195 195 195 255]
  [195 195 195 255]
  ...
  [254 254 254 255]
  [254 254 254 255]
  [254 254 254 255]]

 [[195 195 195 255]
  [195 195 195 255]
  [195 195 195 255]
  ...
  [254 254 254 255]
  [254 254 254 255]
  [254 254 254 255]]

 [[195 195 195 255]
  [195 195 195 255]
  [195 195 195 255]
  ...
  [254 254 254 255]
  [254 254 254 255]
  [254 254 254 255]]]"
80,yf28d.png,"[[[192 192 192 255]
  [192 192 192 255]
  [192 192 192 255]
  ...
  [251 251 251 255]
  [251 251 251 255]
  [251 251 251 255]]

 [[192 192 192 255]
  [192 192 192 255]
  [192 192 192 255]
  ...
  [251 251 251 255]
  [251 251 251 255]
  [251 251 251 255]]

 [[192 192 192 255]
  [192 192 192 255]
  [192 192 192 255]
  ...
  [251 251 251 255]
  [251 251 251 255]
  [251 251 251 255]]

 ...

 [[195 195 195 255]
  [195 195 195 255]
  [195 195 195 255]
  ...
  [254 254 254 255]
  [254 254 254 255]
  [254 254 254 255]]

 [[195 195 195 255]
  [195 195 195 255]
  [195 195 195 255]
  ...
  [254 254 254 255]
  [254 254 254 255]
  [254 254 254 255]]

 [[195 195 195 255]
  [195 195 195 255]
  [195 195 195 255]
  ...
  [254 254 254 255]
  [254 254 254 255]
  [254 254 254 255]]]"
81,y2xg4.png,"[[[192 192 192 255]
  [192 192 192 255]
  [192 192 192 255]
  ...
  [251 251 251 255]
  [251 251 251 255]
  [251 251 251 255]]

 [[192 192 192 255]
  [192 192 192 255]
  [192 192 192 255]
  ...
  [251 251 251 255]
  [251 251 251 255]
  [251 251 251 255]]

 [[192 192 192 255]
  [192 192 192 255]
  [192 192 192 255]
  ...
  [251 251 251 255]
  [251 251 251 255]
  [251 251 251 255]]

 ...

 [[195 195 195 255]
  [195 195 195 255]
  [195 195 195 255]
  ...
  [254 254 254 255]
  [254 254 254 255]
  [254 254 254 255]]

 [[195 195 195 255]
  [195 195 195 255]
  [195 195 195 255]
  ...
  [254 254 254 255]
  [254 254 254 255]
  [254 254 254 255]]

 [[195 195 195 255]
  [195 195 195 255]
  [195 195 195 255]
  ...
  [254 254 254 255]
  [254 254 254 255]
  [254 254 254 255]]]"
82,x8xnp.png,"[[[192 192 192 255]
  [192 192 192 255]
  [192 192 192 255]
  ...
  [251 251 251 255]
  [251 251 251 255]
  [251 251 251 255]]

 [[192 192 192 255]
  [192 192 192 255]
  [192 192 192 255]
  ...
  [251 251 251 255]
  [251 251 251 255]
  [251 251 251 255]]

 [[192 192 192 255]
  [192 192 192 255]
  [192 192 192 255]
  ...
  [251 251 251 255]
  [251 251 251 255]
  [251 251 251 255]]

 ...

 [[195 195 195 255]
  [195 195 195 255]
  [195 195 195 255]
  ...
  [254 254 254 255]
  [254 254 254 255]
  [254 254 254 255]]

 [[195 195 195 255]
  [195 195 195 255]
  [195 195 195 255]
  ...
  [254 254 254 255]
  [254 254 254 255]
  [254 254 254 255]]

 [[195 195 195 255]
  [195 195 195 255]
  [195 195 195 255]
  ...
  [254 254 254 255]
  [254 254 254 255]
  [254 254 254 255]]]"
83,xcf88.png,"[[[192 192 192 255]
  [192 192 192 255]
  [192 192 192 255]
  ...
  [251 251 251 255]
  [251 251 251 255]
  [251 251 251 255]]

 [[192 192 192 255]
  [192 192 192 255]
  [192 192 192 255]
  ...
  [251 251 251 255]
  [251 251 251 255]
  [251 251 251 255]]

 [[192 192 192 255]
  [192 192 192 255]
  [192 192 192 255]
  ...
  [251 251 251 255]
  [251 251 251 255]
  [251 251 251 255]]

 ...

 [[195 195 195 255]
  [195 195 195 255]
  [195 195 195 255]
  ...
  [254 254 254 255]
  [254 254 254 255]
  [254 254 254 255]]

 [[195 195 195 255]
  [195 195 195 255]
  [195 195 195 255]
  ...
  [254 254 254 255]
  [254 254 254 255]
  [254 254 254 255]]

 [[195 195 195 255]
  [195 195 195 255]
  [195 195 195 255]
  ...
  [254 254 254 255]
  [254 254 254 255]
  [254 254 254 255]]]"
84,xf4p4.png,"[[[192 192 192 255]
  [192 192 192 255]
  [192 192 192 255]
  ...
  [251 251 251 255]
  [251 251 251 255]
  [251 251 251 255]]

 [[192 192 192 255]
  [192 192 192 255]
  [192 192 192 255]
  ...
  [251 251 251 255]
  [251 251 251 255]
  [251 251 251 255]]

 [[192 192 192 255]
  [192 192 192 255]
  [192 192 192 255]
  ...
  [251 251 251 255]
  [251 251 251 255]
  [251 251 251 255]]

 ...

 [[195 195 195 255]
  [195 195 195 255]
  [195 195 195 255]
  ...
  [254 254 254 255]
  [254 254 254 255]
  [254 254 254 255]]

 [[195 195 195 255]
  [195 195 195 255]
  [195 195 195 255]
  ...
  [254 254 254 255]
  [254 254 254 255]
  [254 254 254 255]]

 [[195 195 195 255]
  [195 195 195 255]
  [195 195 195 255]
  ...
  [254 254 254 255]
  [254 254 254 255]
  [254 254 254 255]]]"
85,yfdn7.png,"[[[192 192 192 255]
  [192 192 192 255]
  [192 192 192 255]
  ...
  [251 251 251 255]
  [251 251 251 255]
  [251 251 251 255]]

 [[192 192 192 255]
  [192 192 192 255]
  [192 192 192 255]
  ...
  [251 251 251 255]
  [251 251 251 255]
  [251 251 251 255]]

 [[192 192 192 255]
  [192 192 192 255]
  [192 192 192 255]
  ...
  [251 251 251 255]
  [251 251 251 255]
  [251 251 251 255]]

 ...

 [[195 195 195 255]
  [195 195 195 255]
  [195 195 195 255]
  ...
  [254 254 254 255]
  [254 254 254 255]
  [254 254 254 255]]

 [[195 195 195 255]
  [195 195 195 255]
  [195 195 195 255]
  ...
  [254 254 254 255]
  [254 254 254 255]
  [254 254 254 255]]

 [[195 195 195 255]
  [195 195 195 255]
  [195 195 195 255]
  ...
  [254 254 254 255]
  [254 254 254 255]
  [254 254 254 255]]]"
86,ygfwe.png,"[[[192 192 192 255]
  [192 192 192 255]
  [192 192 192 255]
  ...
  [251 251 251 255]
  [251 251 251 255]
  [251 251 251 255]]

 [[192 192 192 255]
  [192 192 192 255]
  [192 192 192 255]
  ...
  [251 251 251 255]
  [251 251 251 255]
  [251 251 251 255]]

 [[192 192 192 255]
  [192 192 192 255]
  [192 192 192 255]
  ...
  [251 251 251 255]
  [251 251 251 255]
  [251 251 251 255]]

 ...

 [[195 195 195 255]
  [195 195 195 255]
  [195 195 195 255]
  ...
  [254 254 254 255]
  [254 254 254 255]
  [254 254 254 255]]

 [[195 195 195 255]
  [195 195 195 255]
  [195 195 195 255]
  ...
  [254 254 254 255]
  [254 254 254 255]
  [254 254 254 255]]

 [[195 195 195 255]
  [195 195 195 255]
  [195 195 195 255]
  ...
  [254 254 254 255]
  [254 254 254 255]
  [254 254 254 255]]]"
87,xfgxb.png,"[[[192 192 192 255]
  [192 192 192 255]
  [192 192 192 255]
  ...
  [251 251 251 255]
  [251 251 251 255]
  [251 251 251 255]]

 [[192 192 192 255]
  [192 192 192 255]
  [192 192 192 255]
  ...
  [251 251 251 255]
  [251 251 251 255]
  [251 251 251 255]]

 [[192 192 192 255]
  [192 192 192 255]
  [192 192 192 255]
  ...
  [251 251 251 255]
  [251 251 251 255]
  [251 251 251 255]]

 ...

 [[195 195 195 255]
  [195 195 195 255]
  [195 195 195 255]
  ...
  [254 254 254 255]
  [254 254 254 255]
  [254 254 254 255]]

 [[195 195 195 255]
  [195 195 195 255]
  [195 195 195 255]
  ...
  [254 254 254 255]
  [254 254 254 255]
  [254 254 254 255]]

 [[195 195 195 255]
  [195 195 195 255]
  [195 195 195 255]
  ...
  [254 254 254 255]
  [254 254 254 255]
  [254 254 254 255]]]"
88,y48c3.png,"[[[192 192 192 255]
  [192 192 192 255]
  [192 192 192 255]
  ...
  [251 251 251 255]
  [251 251 251 255]
  [251 251 251 255]]

 [[192 192 192 255]
  [192 192 192 255]
  [192 192 192 255]
  ...
  [251 251 251 255]
  [251 251 251 255]
  [251 251 251 255]]

 [[192 192 192 255]
  [192 192 192 255]
  [192 192 192 255]
  ...
  [251 251 251 255]
  [251 251 251 255]
  [251 251 251 255]]

 ...

 [[195 195 195 255]
  [195 195 195 255]
  [195 195 195 255]
  ...
  [254 254 254 255]
  [254 254 254 255]
  [254 254 254 255]]

 [[195 195 195 255]
  [195 195 195 255]
  [195 195 195 255]
  ...
  [254 254 254 255]
  [254 254 254 255]
  [254 254 254 255]]

 [[195 195 195 255]
  [195 195 195 255]
  [195 195 195 255]
  ...
  [254 254 254 255]
  [254 254 254 255]
  [254 254 254 255]]]"
89,y5n6d.png,"[[[192 192 192 255]
  [192 192 192 255]
  [192 192 192 255]
  ...
  [251 251 251 255]
  [251 251 251 255]
  [251 251 251 255]]

 [[192 192 192 255]
  [192 192 192 255]
  [192 192 192 255]
  ...
  [251 251 251 255]
  [251 251 251 255]
  [251 251 251 255]]

 [[192 192 192 255]
  [192 192 192 255]
  [192 192 192 255]
  ...
  [251 251 251 255]
  [251 251 251 255]
  [251 251 251 255]]

 ...

 [[195 195 195 255]
  [195 195 195 255]
  [195 195 195 255]
  ...
  [254 254 254 255]
  [254 254 254 255]
  [254 254 254 255]]

 [[195 195 195 255]
  [195 195 195 255]
  [195 195 195 255]
  ...
  [254 254 254 255]
  [254 254 254 255]
  [254 254 254 255]]

 [[195 195 195 255]
  [195 195 195 255]
  [195 195 195 255]
  ...
  [254 254 254 255]
  [254 254 254 255]
  [254 254 254 255]]]"
90,x76mn.png,"[[[192 192 192 255]
  [192 192 192 255]
  [192 192 192 255]
  ...
  [251 251 251 255]
  [251 251 251 255]
  [251 251 251 255]]

 [[192 192 192 255]
  [192 192 192 255]
  [192 192 192 255]
  ...
  [251 251 251 255]
  [251 251 251 255]
  [251 251 251 255]]

 [[192 192 192 255]
  [192 192 192 255]
  [192 192 192 255]
  ...
  [251 251 251 255]
  [251 251 251 255]
  [251 251 251 255]]

 ...

 [[195 195 195 255]
  [195 195 195 255]
  [195 195 195 255]
  ...
  [254 254 254 255]
  [254 254 254 255]
  [254 254 254 255]]

 [[195 195 195 255]
  [195 195 195 255]
  [195 195 195 255]
  ...
  [254 254 254 255]
  [254 254 254 255]
  [254 254 254 255]]

 [[195 195 195 255]
  [195 195 195 255]
  [195 195 195 255]
  ...
  [254 254 254 255]
  [254 254 254 255]
  [254 254 254 255]]]"
91,y3c58.png,"[[[192 192 192 255]
  [192 192 192 255]
  [192 192 192 255]
  ...
  [251 251 251 255]
  [251 251 251 255]
  [251 251 251 255]]

 [[192 192 192 255]
  [192 192 192 255]
  [192 192 192 255]
  ...
  [251 251 251 255]
  [251 251 251 255]
  [251 251 251 255]]

 [[192 192 192 255]
  [192 192 192 255]
  [192 192 192 255]
  ...
  [251 251 251 255]
  [251 251 251 255]
  [251 251 251 255]]

 ...

 [[195 195 195 255]
  [195 195 195 255]
  [195 195 195 255]
  ...
  [254 254 254 255]
  [254 254 254 255]
  [254 254 254 255]]

 [[195 195 195 255]
  [195 195 195 255]
  [195 195 195 255]
  ...
  [254 254 254 255]
  [254 254 254 255]
  [254 254 254 255]]

 [[195 195 195 255]
  [195 195 195 255]
  [195 195 195 255]
  ...
  [254 254 254 255]
  [254 254 254 255]
  [254 254 254 255]]]"
92,xnnc3.png,"[[[192 192 192 255]
  [192 192 192 255]
  [192 192 192 255]
  ...
  [251 251 251 255]
  [251 251 251 255]
  [251 251 251 255]]

 [[192 192 192 255]
  [192 192 192 255]
  [192 192 192 255]
  ...
  [251 251 251 255]
  [251 251 251 255]
  [251 251 251 255]]

 [[192 192 192 255]
  [192 192 192 255]
  [192 192 192 255]
  ...
  [251 251 251 255]
  [251 251 251 255]
  [251 251 251 255]]

 ...

 [[195 195 195 255]
  [195 195 195 255]
  [195 195 195 255]
  ...
  [254 254 254 255]
  [254 254 254 255]
  [254 254 254 255]]

 [[195 195 195 255]
  [195 195 195 255]
  [195 195 195 255]
  ...
  [254 254 254 255]
  [254 254 254 255]
  [254 254 254 255]]

 [[195 195 195 255]
  [195 195 195 255]
  [195 195 195 255]
  ...
  [254 254 254 255]
  [254 254 254 255]
  [254 254 254 255]]]"
93,xbem6.png,"[[[192 192 192 255]
  [192 192 192 255]
  [192 192 192 255]
  ...
  [251 251 251 255]
  [251 251 251 255]
  [251 251 251 255]]

 [[192 192 192 255]
  [192 192 192 255]
  [192 192 192 255]
  ...
  [251 251 251 255]
  [251 251 251 255]
  [251 251 251 255]]

 [[192 192 192 255]
  [192 192 192 255]
  [192 192 192 255]
  ...
  [251 251 251 255]
  [251 251 251 255]
  [251 251 251 255]]

 ...

 [[195 195 195 255]
  [195 195 195 255]
  [195 195 195 255]
  ...
  [254 254 254 255]
  [254 254 254 255]
  [254 254 254 255]]

 [[195 195 195 255]
  [195 195 195 255]
  [195 195 195 255]
  ...
  [254 254 254 255]
  [254 254 254 255]
  [254 254 254 255]]

 [[195 195 195 255]
  [195 195 195 255]
  [195 195 195 255]
  ...
  [254 254 254 255]
  [254 254 254 255]
  [254 254 254 255]]]"
94,xbcbx.png,"[[[192 192 192 255]
  [192 192 192 255]
  [192 192 192 255]
  ...
  [251 251 251 255]
  [251 251 251 255]
  [251 251 251 255]]

 [[192 192 192 255]
  [192 192 192 255]
  [192 192 192 255]
  ...
  [251 251 251 255]
  [251 251 251 255]
  [251 251 251 255]]

 [[192 192 192 255]
  [192 192 192 255]
  [192 192 192 255]
  ...
  [251 251 251 255]
  [251 251 251 255]
  [251 251 251 255]]

 ...

 [[195 195 195 255]
  [195 195 195 255]
  [195 195 195 255]
  ...
  [254 254 254 255]
  [254 254 254 255]
  [254 254 254 255]]

 [[195 195 195 255]
  [195 195 195 255]
  [195 195 195 255]
  ...
  [254 254 254 255]
  [254 254 254 255]
  [254 254 254 255]]

 [[195 195 195 255]
  [195 195 195 255]
  [195 195 195 255]
  ...
  [254 254 254 255]
  [254 254 254 255]
  [254 254 254 255]]]"
95,ydg8n.png,"[[[192 192 192 255]
  [192 192 192 255]
  [192 192 192 255]
  ...
  [251 251 251 255]
  [251 251 251 255]
  [251 251 251 255]]

 [[192 192 192 255]
  [192 192 192 255]
  [192 192 192 255]
  ...
  [251 251 251 255]
  [251 251 251 255]
  [251 251 251 255]]

 [[192 192 192 255]
  [192 192 192 255]
  [192 192 192 255]
  ...
  [251 251 251 255]
  [251 251 251 255]
  [251 251 251 255]]

 ...

 [[195 195 195 255]
  [195 195 195 255]
  [195 195 195 255]
  ...
  [254 254 254 255]
  [254 254 254 255]
  [254 254 254 255]]

 [[195 195 195 255]
  [195 195 195 255]
  [195 195 195 255]
  ...
  [254 254 254 255]
  [254 254 254 255]
  [254 254 254 255]]

 [[195 195 195 255]
  [195 195 195 255]
  [195 195 195 255]
  ...
  [254 254 254 255]
  [254 254 254 255]
  [254 254 254 255]]]"
96,y7x8p.png,"[[[192 192 192 255]
  [192 192 192 255]
  [192 192 192 255]
  ...
  [251 251 251 255]
  [251 251 251 255]
  [251 251 251 255]]

 [[192 192 192 255]
  [192 192 192 255]
  [192 192 192 255]
  ...
  [251 251 251 255]
  [251 251 251 255]
  [251 251 251 255]]

 [[192 192 192 255]
  [192 192 192 255]
  [192 192 192 255]
  ...
  [251 251 251 255]
  [251 251 251 255]
  [251 251 251 255]]

 ...

 [[195 195 195 255]
  [195 195 195 255]
  [195 195 195 255]
  ...
  [254 254 254 255]
  [254 254 254 255]
  [254 254 254 255]]

 [[195 195 195 255]
  [195 195 195 255]
  [195 195 195 255]
  ...
  [254 254 254 255]
  [254 254 254 255]
  [254 254 254 255]]

 [[195 195 195 255]
  [195 195 195 255]
  [195 195 195 255]
  ...
  [254 254 254 255]
  [254 254 254 255]
  [254 254 254 255]]]"
97,yf424.png,"[[[192 192 192 255]
  [192 192 192 255]
  [192 192 192 255]
  ...
  [251 251 251 255]
  [251 251 251 255]
  [251 251 251 255]]

 [[192 192 192 255]
  [192 192 192 255]
  [192 192 192 255]
  ...
  [251 251 251 255]
  [251 251 251 255]
  [251 251 251 255]]

 [[192 192 192 255]
  [192 192 192 255]
  [192 192 192 255]
  ...
  [251 251 251 255]
  [251 251 251 255]
  [251 251 251 255]]

 ...

 [[195 195 195 255]
  [195 195 195 255]
  [195 195 195 255]
  ...
  [254 254 254 255]
  [254 254 254 255]
  [254 254 254 255]]

 [[195 195 195 255]
  [195 195 195 255]
  [195 195 195 255]
  ...
  [254 254 254 255]
  [254 254 254 255]
  [254 254 254 255]]

 [[195 195 195 255]
  [195 195 195 255]
  [195 195 195 255]
  ...
  [254 254 254 255]
  [254 254 254 255]
  [254 254 254 255]]]"
98,y4n6m.png,"[[[192 192 192 255]
  [192 192 192 255]
  [192 192 192 255]
  ...
  [251 251 251 255]
  [251 251 251 255]
  [251 251 251 255]]

 [[192 192 192 255]
  [192 192 192 255]
  [192 192 192 255]
  ...
  [251 251 251 255]
  [251 251 251 255]
  [251 251 251 255]]

 [[192 192 192 255]
  [192 192 192 255]
  [192 192 192 255]
  ...
  [251 251 251 255]
  [251 251 251 255]
  [251 251 251 255]]

 ...

 [[195 195 195 255]
  [195 195 195 255]
  [195 195 195 255]
  ...
  [254 254 254 255]
  [254 254 254 255]
  [254 254 254 255]]

 [[195 195 195 255]
  [195 195 195 255]
  [195 195 195 255]
  ...
  [254 254 254 255]
  [254 254 254 255]
  [254 254 254 255]]

 [[195 195 195 255]
  [195 195 195 255]
  [195 195 195 255]
  ...
  [254 254 254 255]
  [254 254 254 255]
  [254 254 254 255]]]"
99,xmcym.png,"[[[192 192 192 255]
  [192 192 192 255]
  [192 192 192 255]
  ...
  [251 251 251 255]
  [251 251 251 255]
  [251 251 251 255]]

 [[192 192 192 255]
  [192 192 192 255]
  [192 192 192 255]
  ...
  [251 251 251 255]
  [251 251 251 255]
  [251 251 251 255]]

 [[192 192 192 255]
  [192 192 192 255]
  [192 192 192 255]
  ...
  [251 251 251 255]
  [251 251 251 255]
  [251 251 251 255]]

 ...

 [[195 195 195 255]
  [195 195 195 255]
  [195 195 195 255]
  ...
  [254 254 254 255]
  [254 254 254 255]
  [254 254 254 255]]

 [[195 195 195 255]
  [195 195 195 255]
  [195 195 195 255]
  ...
  [254 254 254 255]
  [254 254 254 255]
  [254 254 254 255]]

 [[195 195 195 255]
  [195 195 195 255]
  [195 195 195 255]
  ...
  [254 254 254 255]
  [254 254 254 255]
  [254 254 254 255]]]"
